market,date,open,high,low,close,volume
KR,2022-01-03,1000.9756541519444,1005.5646520323052,997.6136826382814,1000.0,167189
KR,2022-01-04,998.452541658286,1016.5450303115748,993.9214505245856,1010.055938570072,120160
KR,2022-01-05,1008.1939816374194,1010.0567761554378,1000.418814627976,1004.773834521226,464433
KR,2022-01-06,1003.1966877998569,1009.9170033548215,997.4118528230651,1007.4143608440652,354679
KR,2022-01-07,1005.1692656638908,1015.1153082338428,1004.3533462372495,1014.7380802735993,411029
KR,2022-01-10,1012.7781188180088,1020.4970732848767,1007.2612724296433,1009.9772225909354,461834
KR,2022-01-11,1015.0607584999867,1022.2380950170146,1000.7686299180417,1006.1922334499287,486319
KR,2022-01-12,1004.8813768656025,1008.3577461713514,998.0470475308124,999.3679324163091,528045
KR,2022-01-13,1003.0751472846056,1011.018454136941,999.4063752842596,1000.4890653251515,356399
KR,2022-01-14,998.3057850559311,1004.0360641348127,987.0217387767887,988.6411617517476,675377
KR,2022-01-17,988.7833941275765,1004.5125961462443,986.8401914056994,1000.6877689812468,998916
KR,2022-01-18,1002.2468718165495,1014.1866291848006,995.2087069803771,1013.7293863406226,219263
KR,2022-01-19,1009.9461993861272,1014.1826929308082,1000.8684430135363,1009.7837289627373,374881
KR,2022-01-20,1012.3975087555917,1018.2236336352553,993.2187543086741,1000.8114958013792,526504
KR,2022-01-21,993.5086943139231,1003.7085042272157,983.0963232173021,1001.4997939546132,270626
KR,2022-01-24,1005.7651335361422,1007.8801027176605,988.1424559709819,990.1851921059321,385659
KR,2022-01-25,989.3343082738842,994.6692388930139,984.389669680337,989.4852110060541,405846
KR,2022-01-26,991.156296424222,999.0147241243121,988.9221300024622,989.9682546033898,524529
KR,2022-01-27,991.3555158992853,1003.7359123679556,981.9487039641957,984.2079574391729,1218360
KR,2022-01-28,982.4826286302931,986.1556334249115,972.9541110776947,980.2350764449735,570239
KR,2022-01-31,983.1437425245323,993.2386281616037,974.4555056386785,991.7733495526962,357557
KR,2022-02-01,992.0748072977136,994.7590914860078,982.8903011986441,989.3828602341031,715053
KR,2022-02-02,992.7678137904162,1013.3118059750293,990.9492293456166,1008.8830964644982,1194414
KR,2022-02-03,1012.4240722404567,1023.177954568571,1006.9967220778369,1014.2263316065672,820284
KR,2022-02-04,1016.6514388579454,1017.0633916648085,1002.6601963031721,1006.0993923482054,349317
KR,2022-02-07,1002.621634741505,1009.1313748488782,1000.4806294832978,1009.0511707888235,314784
KR,2022-02-08,1014.4252114883762,1035.1183353448096,1013.6402223870841,1034.86806661504,468543
KR,2022-02-09,1030.21128033565,1037.4652043288625,1028.3782846483166,1036.5854539964191,335927
KR,2022-02-10,1035.93610165988,1048.377935413508,1034.3467863197861,1044.042037805356,397322
KR,2022-02-11,1049.0340676624442,1062.7264356820262,1047.6059298113769,1059.7395363296487,136169
KR,2022-02-14,1055.1678064005757,1061.822439166678,1047.328293813827,1053.2785767135624,504101
KR,2022-02-15,1048.1497311566914,1059.2804502973186,1044.9456946568127,1056.357068667693,258805
KR,2022-02-16,1055.176971492976,1059.7603566953144,1048.1984551071018,1049.3699997499284,271995
KR,2022-02-17,1051.2525381171583,1051.9148828014834,1033.3459351343467,1044.934434523528,369846
KR,2022-02-18,1041.1551402138325,1050.502124418863,1040.1266200446237,1044.0809273439504,361662
KR,2022-02-21,1040.5330880456559,1043.993450231181,1031.5552530411496,1034.529654420041,406316
KR,2022-02-22,1033.9142683839814,1041.885052447957,1021.7184795390015,1032.3839039623222,629049
KR,2022-02-23,1034.9931977910715,1049.9124618096712,1029.7788553364678,1040.0844051280822,519224
KR,2022-02-24,1043.189023285236,1055.8566613163923,1040.822551927283,1044.4943832787858,2015380
KR,2022-02-25,1047.165229721235,1053.8525261174493,1025.9178836453136,1032.015062801463,309516
KR,2022-02-28,1028.7463369631985,1034.2891772696626,1027.6375277494815,1031.7359951645315,572382
KR,2022-03-01,1035.9252302478012,1056.1894955687064,1030.1437765202297,1045.3812077813136,530146
KR,2022-03-02,1040.5952683516086,1055.2842669533927,1039.0375298241265,1049.8359088902503,170079
KR,2022-03-03,1050.9492450539572,1051.537935515789,1046.7123018028487,1047.4343418541755,766911
KR,2022-03-04,1044.7190339520496,1054.996462156698,1038.3311165998846,1045.8130613695107,688669
KR,2022-03-07,1046.544450951814,1059.5674237602466,1033.6674704445427,1042.866736553864,310734
KR,2022-03-08,1040.1971167241645,1040.3174887030107,1028.8696185795388,1031.7755239654423,519583
KR,2022-03-09,1032.7393358460195,1040.7795466379011,1031.098399617885,1035.265344972371,430262
KR,2022-03-10,1032.2398231521993,1039.9849915791353,1024.07864075316,1028.5099593211023,885701
KR,2022-03-11,1030.2245332286723,1034.8640192575706,1023.8162176921154,1026.223783407657,311585
KR,2022-03-14,1029.7895570211738,1041.6259821278484,1016.6329329332748,1020.0959920172626,432611
KR,2022-03-15,1021.3668897891617,1028.8684753866232,1017.448404907785,1026.4563717722774,273350
KR,2022-03-16,1025.226248259184,1025.2756944388202,1013.1081164668007,1016.0623778478131,475859
KR,2022-03-17,1015.5446942212169,1025.9810385913897,1012.5356377315107,1022.6784946126414,285505
KR,2022-03-18,1020.6580730300212,1029.6962089795456,1015.2529125276949,1020.2309233052262,133995
KR,2022-03-21,1020.2149283256214,1027.2147112325256,1006.9526617197628,1011.1847383050367,254479
KR,2022-03-22,1013.7835858001333,1018.4161441202058,986.7733211929592,995.4373792505444,170101
KR,2022-03-23,992.3088184874752,1005.4577630517642,989.7622022555471,1004.9108699140133,607387
KR,2022-03-24,999.9833167567067,1001.2960166670664,996.0647782001114,998.1290545906791,445251
KR,2022-03-25,1005.6672647310146,1007.0930102788319,984.106964379385,988.9825842889425,381378
KR,2022-03-28,989.6822107436067,993.0977029521564,974.1008791355898,990.6614785158849,420203
KR,2022-03-29,988.5346872798312,997.7622844244341,986.0702880093062,992.6457922949197,451372
KR,2022-03-30,991.4908108321802,1000.9127457054814,985.944349119035,996.553804781337,289446
KR,2022-03-31,996.955537715796,1000.8266240987647,980.9653312561159,983.1197643057245,486833
KR,2022-04-01,982.7330375923907,994.0736528157986,974.3792475950921,988.60063864831,770526
KR,2022-04-04,985.188164688727,998.3873299620138,976.2951517625964,993.2529870545509,303557
KR,2022-04-05,992.4395754698535,1006.0317223472298,988.8745334254313,1002.4024622412553,254770
KR,2022-04-06,1001.5936400491072,1004.6619431862139,988.7623490884633,989.8758991116356,853637
KR,2022-04-07,992.5841392894254,998.3105026491465,989.0348390956673,997.510238145992,522164
KR,2022-04-08,993.8918193372601,1009.9243382520995,992.6092584427479,1005.2672346133654,951008
KR,2022-04-11,1008.3729720863788,1018.4129522600363,1006.5471406134359,1007.6739885998692,624408
KR,2022-04-12,1006.3061644002063,1014.7722116886534,1005.8488624425422,1014.5822309730031,368463
KR,2022-04-13,1011.9561684764896,1014.0126226790976,999.4379988595804,1005.7582808002426,990718
KR,2022-04-14,1005.0991139556099,1011.9259693306733,1001.239221713048,1006.9110663940063,942978
KR,2022-04-15,999.7906284543258,1003.2420346788006,994.0243631360288,1001.5951401521495,159526
KR,2022-04-18,1004.1380411896198,1014.7136786292365,999.7565105903365,1007.297414926291,569997
KR,2022-04-19,1011.6967935275658,1014.0089430141094,1010.9493851683835,1012.6613801012813,567802
KR,2022-04-20,1010.1176466963693,1012.3111179207319,1002.003806080305,1006.645357836076,517389
KR,2022-04-21,1002.8990705072972,1006.5069334709988,997.4590376930555,1000.2501052000555,718074
KR,2022-04-22,997.9763609569474,1002.4238949457567,997.2806083748337,1001.207937000954,417781
KR,2022-04-25,1003.1531431625814,1009.0345089295057,995.1611765759449,1001.5857377059383,360760
KR,2022-04-26,1000.9487359468901,1017.5022056460919,998.115086066754,1015.6225804588887,603387
KR,2022-04-27,1015.1069366339377,1042.7983232313966,1015.0774160294334,1033.4269519213105,507649
KR,2022-04-28,1043.4231633689221,1056.0146656305305,1039.799188970589,1046.4953252001458,174674
KR,2022-04-29,1046.0928602631645,1056.2167896183194,1035.7349504342938,1040.1323944307223,514411
KR,2022-05-02,1036.1129226301175,1036.3486060112418,1028.574328993007,1032.0801610467008,199618
KR,2022-05-03,1032.0950255095663,1043.3115197959492,1026.002395664847,1042.4488975747483,660037
KR,2022-05-04,1040.7749621391824,1051.8736540767877,1036.0871500905155,1046.0466737456818,291698
KR,2022-05-05,1045.3816646991836,1046.2744281400733,1035.0471447361308,1041.168512876082,406647
KR,2022-05-06,1034.2699665387768,1049.1451963840148,1034.1040292993405,1047.5033712759443,285051
KR,2022-05-09,1051.276250000883,1064.125971059181,1030.9837704991498,1040.5098177929885,273819
KR,2022-05-10,1040.8040894075307,1046.813335810374,1028.7116829114834,1033.7938997057831,1394106
KR,2022-05-11,1036.1899404763656,1069.737804937281,1028.2191139541878,1063.778287926574,469639
KR,2022-05-12,1062.1676686177937,1062.351400044232,1052.3422636931268,1053.1785921815342,525843
KR,2022-05-13,1051.9969526642722,1059.4778335902822,1051.483813756415,1057.5537746470743,839056
KR,2022-05-16,1064.8756669471206,1066.3943772201933,1044.3788149950178,1045.3566881215554,667346
KR,2022-05-17,1043.6192870738093,1057.9838771161403,1040.2108125917944,1050.4795891018703,252421
KR,2022-05-18,1050.9509204242506,1054.8753095231173,1044.2679317461054,1052.2443086680223,288846
KR,2022-05-19,1053.426016187073,1055.1746944945248,1045.398132597593,1050.1046010477367,199641
KR,2022-05-20,1048.0595023486478,1056.0369099451407,1045.8252558766715,1048.4976981924822,282027
KR,2022-05-23,1047.5902189809856,1058.1886160319211,1034.36067655459,1034.5515688237665,372483
KR,2022-05-24,1039.6382085699033,1042.9527927468253,1017.8002586231853,1025.4169533211143,798730
KR,2022-05-25,1027.9559092088105,1044.5746041234895,1021.3031392241513,1040.8617838235946,493893
KR,2022-05-26,1037.854097881976,1041.824909991513,1031.1220642103024,1033.805298326322,619910
KR,2022-05-27,1035.7760289845469,1037.6301007309016,1032.6403740451397,1037.4260023506026,293307
KR,2022-05-30,1039.0327775201388,1041.5582193460702,1030.823915973807,1033.307672136321,464403
KR,2022-05-31,1023.5638684002182,1045.5053993969775,1014.9167377730782,1043.939227213366,1014416
KR,2022-06-01,1043.4869508981767,1048.2760489049472,1034.7640273086731,1041.6029503568445,343046
KR,2022-06-02,1042.6535934040032,1044.9679774762965,1028.2975057564615,1038.9187771671834,500398
KR,2022-06-03,1039.9513826789193,1063.6544819392414,1029.1986063008244,1058.463164622269,629859
KR,2022-06-06,1058.9225105523913,1066.1609495181117,1030.6105414367107,1035.6324958722328,297181
KR,2022-06-07,1039.698533754243,1041.4779930381803,1028.5987799152576,1034.063168684434,476818
KR,2022-06-08,1033.1853812578681,1055.6014826131798,1028.9662686994068,1042.939988899603,1027572
KR,2022-06-09,1047.8259063794826,1053.969812139993,1043.5399885840025,1052.5240320011144,397832
KR,2022-06-10,1057.71613983919,1079.0531887390248,1057.0199519561031,1076.1517498092521,820417
KR,2022-06-13,1076.4462705839092,1076.4982133333076,1057.1486328674332,1065.2433116092832,395976
KR,2022-06-14,1071.1525852180023,1075.5941613251036,1063.0770119402507,1068.0444841728463,506604
KR,2022-06-15,1071.269234000488,1074.6981778982283,1063.1855011014388,1066.9669178541446,602691
KR,2022-06-16,1071.1201800202243,1071.7984599904767,1058.3400520711818,1063.4156916053716,393131
KR,2022-06-17,1063.5977441599346,1081.5142280119364,1063.1038926150818,1075.6939411134301,433059
KR,2022-06-20,1076.116254556145,1092.2258620815762,1071.597187648888,1089.8265751005752,527905
KR,2022-06-21,1087.1619552260486,1098.2570040738506,1082.4561012470197,1097.918990365429,450430
KR,2022-06-22,1096.6556675611957,1098.8428741681334,1080.6983379871872,1092.2810843185364,543900
KR,2022-06-23,1094.9401725322516,1106.7120964938263,1087.1549509382305,1101.188431118875,409643
KR,2022-06-24,1101.5132778496802,1105.9800187035607,1098.0011156568567,1102.7936482929906,721174
KR,2022-06-27,1100.617186029985,1116.7493957966856,1098.5143977998991,1109.9444291418395,330311
KR,2022-06-28,1108.969261517003,1125.5574782989902,1105.4389983802328,1116.916623539497,302692
KR,2022-06-29,1113.3065166282433,1133.9873465379676,1106.2760164919305,1131.147709325057,728327
KR,2022-06-30,1131.0731619323494,1135.0679334802876,1124.675341200644,1128.5433039830673,832496
KR,2022-07-01,1130.2629525633658,1135.5245990590447,1112.5458145699658,1116.5121641153457,422278
KR,2022-07-04,1112.760517025259,1127.9165841941617,1103.0714439461678,1122.1247623391057,540850
KR,2022-07-05,1118.4226697679908,1141.396447852764,1116.9084724122251,1134.038026710425,642275
KR,2022-07-06,1130.820639921688,1156.74176424731,1130.761774760563,1148.8933910041237,633575
KR,2022-07-07,1146.9765648502464,1151.8160006059943,1139.4423115545094,1150.5154895146761,289097
KR,2022-07-08,1145.1280329615277,1157.316119863243,1131.5951904541764,1139.0861757862774,482662
KR,2022-07-11,1134.9296040865665,1137.253711807678,1114.8837070359448,1123.157066407015,518999
KR,2022-07-12,1122.3793709274205,1128.029301951136,1119.5931313093774,1126.4592676809405,259745
KR,2022-07-13,1128.9309571626377,1133.704431904443,1128.4909559299272,1132.334838484352,1060203
KR,2022-07-14,1134.2094218666264,1135.8917496651009,1128.2119172978842,1128.8141510891683,651485
KR,2022-07-15,1129.464955996053,1132.4453663078148,1112.201680225899,1122.7320988779038,927934
KR,2022-07-18,1125.230739921967,1149.9966364940824,1122.9498694557176,1133.4547825557615,661896
KR,2022-07-19,1133.7561038260985,1141.281498708332,1109.3843491041946,1121.3424847332537,627053
KR,2022-07-20,1120.883113576992,1138.4358279686012,1111.8517541067513,1134.3880869646846,401818
KR,2022-07-21,1139.4515731853166,1161.2649256729512,1131.5126991034733,1158.8617176270513,298623
KR,2022-07-22,1157.791523373239,1173.5928656355563,1150.3244402024873,1167.9852083745275,459693
KR,2022-07-25,1168.3095655590676,1177.0928231607104,1151.8729751731485,1157.4305772237142,160559
KR,2022-07-26,1153.3753053326202,1172.6528364010267,1145.0060411436618,1171.6662058213426,832641
KR,2022-07-27,1169.3101838261825,1169.552066756351,1157.7525885506968,1167.4312446195777,570950
KR,2022-07-28,1164.533047122565,1166.2638693349693,1152.7368916890114,1165.0986975759342,346154
KR,2022-07-29,1165.3051781180716,1174.8869789448593,1156.3061503393822,1169.857297186611,364690
KR,2022-08-01,1166.8759655899576,1172.5132956607765,1159.8473227988743,1168.100789056938,408200
KR,2022-08-02,1170.8077726192403,1172.4493252095326,1165.621468016484,1166.6737624051304,471566
KR,2022-08-03,1162.4708679553114,1165.6119782280662,1131.2252157926443,1133.5134918120373,236171
KR,2022-08-04,1135.882713059009,1139.2262287321653,1125.1021813521904,1134.5006800003964,226528
KR,2022-08-05,1132.7712122497246,1151.031539133362,1120.948822275912,1148.7859031526166,845477
KR,2022-08-08,1146.281927329581,1146.6241350240396,1137.8266725977194,1145.5462611435019,317189
KR,2022-08-09,1144.5346959766755,1156.4735561009368,1136.8823000014706,1138.1191833284556,446405
KR,2022-08-10,1135.8749026089226,1142.990975133214,1119.5202016308187,1120.5145690706659,822901
KR,2022-08-11,1115.8365566616835,1126.4588222712036,1113.897691356684,1122.1980447009546,336701
KR,2022-08-12,1128.5107967465522,1133.0357375255578,1116.131868496942,1119.67283038645,808544
KR,2022-08-15,1120.1699211461316,1121.2000360269592,1117.1117988852518,1118.9488247370352,558263
KR,2022-08-16,1118.889765284455,1123.633830960195,1105.4339862741333,1119.9003915810176,591623
KR,2022-08-17,1110.5229003012682,1124.0619667425826,1109.6401985298812,1121.534843976552,207564
KR,2022-08-18,1123.7151399521279,1126.8479745616653,1115.8716846417599,1116.9270038656553,298097
KR,2022-08-19,1120.5317728140512,1123.0676913699851,1111.278592355724,1116.769326520233,363802
KR,2022-08-22,1115.051947783065,1121.7013597732625,1114.8909572686223,1120.3665963951655,740672
KR,2022-08-23,1116.549350959155,1119.236087116762,1092.283701569262,1106.432938561428,358108
KR,2022-08-24,1112.6924435063768,1124.548606390341,1105.3516732136798,1123.454039493498,374084
KR,2022-08-25,1117.9874569716442,1120.4002310937246,1104.4694958906932,1113.7043752011164,592138
KR,2022-08-26,1116.0253688902478,1123.5456184356046,1111.5650350192382,1118.4185607838333,1386096
KR,2022-08-29,1113.5271011839259,1126.11672504169,1106.8149026024043,1121.222422102052,647181
KR,2022-08-30,1120.1069402654086,1127.5492675112112,1111.9247103710304,1114.534856110137,566474
KR,2022-08-31,1117.645130684371,1121.0596742816745,1099.7921864779594,1115.720901833294,460493
KR,2022-09-01,1111.7921583958555,1132.7613675999505,1101.1074221712813,1129.4941623358052,261835
KR,2022-09-02,1126.618013657801,1151.6919153589508,1117.5601576768468,1146.3586919024513,616906
KR,2022-09-05,1142.1258989008265,1154.271245260628,1140.1179822434228,1149.664519717848,285506
KR,2022-09-06,1152.1329567888522,1156.390033406061,1150.870651866117,1154.7675215099332,141751
KR,2022-09-07,1154.3479665925315,1155.0713673942523,1132.6130704101504,1140.1645517400275,404816
KR,2022-09-08,1142.5132230302152,1152.1049740437688,1139.444365659032,1145.925946761544,758166
KR,2022-09-09,1143.9253206441301,1149.5788115282069,1126.059888040811,1128.3072762411018,345144
KR,2022-09-12,1129.8802245635388,1145.1550421843017,1120.34399570262,1141.6263803641584,534168
KR,2022-09-13,1142.870518674592,1146.9320857944947,1132.7393995987,1138.8128325867772,612419
KR,2022-09-14,1135.225544861461,1136.9467290092152,1130.9184894683467,1135.705612371209,793207
KR,2022-09-15,1141.0841795243598,1156.0806280780967,1140.8899465586394,1149.4688482446427,531656
KR,2022-09-16,1140.3158131284677,1160.2646239170583,1135.7628909127538,1156.64328342873,401922
KR,2022-09-19,1158.0404542344054,1159.0072143785576,1139.660695927233,1145.6629962309948,634380
KR,2022-09-20,1149.4310783787937,1154.5245179577757,1148.2125889510585,1149.433402089396,422038
KR,2022-09-21,1147.7681344390317,1168.500522342342,1146.077167869255,1163.886208454234,667113
KR,2022-09-22,1163.484794830978,1170.8940989494665,1163.0256920292295,1170.2846851984475,537735
KR,2022-09-23,1170.5128523601252,1180.8604621074862,1170.324947357156,1175.0508395820912,647326
KR,2022-09-26,1166.8034812895512,1196.270059616178,1150.776252001358,1190.5324893866712,332145
KR,2022-09-27,1189.478314085087,1192.8877510136128,1163.676858124911,1168.657303942512,615187
KR,2022-09-28,1167.9412515133072,1180.0743872673154,1158.4857209220565,1177.9115966388267,628855
KR,2022-09-29,1178.7509752721003,1182.048427236532,1174.898917834106,1178.5867701224654,409531
KR,2022-09-30,1179.2452209517976,1181.682434708874,1163.6159782714003,1166.0526196017995,268812
KR,2022-10-03,1158.297498078294,1173.8551115820553,1156.6234245140056,1161.6994026166697,206813
KR,2022-10-04,1160.8133940152873,1167.2191236672068,1135.7926608034124,1142.36698435506,206333
KR,2022-10-05,1141.7800797595642,1154.8493406072378,1138.3597073476647,1149.3702773243688,590778
KR,2022-10-06,1149.112103775248,1154.23446067799,1146.819261925003,1153.7906373365272,458139
KR,2022-10-07,1157.8344609279545,1159.8408144234324,1136.2027323972652,1138.5745207053665,495536
KR,2022-10-10,1130.5018423562165,1157.310944974012,1125.3692632506493,1150.4217269564062,673293
KR,2022-10-11,1146.711714291185,1153.6931862271203,1143.3839810055413,1143.448708428663,414787
KR,2022-10-12,1143.4017310792221,1153.9595548288823,1143.3823075750438,1145.3846502099998,296569
KR,2022-10-13,1145.6133637609335,1150.5784758800403,1135.0749516997178,1136.2205724625976,668070
KR,2022-10-14,1139.0336626755416,1149.2642436704764,1137.197458665444,1145.636374018071,158491
KR,2022-10-17,1147.4783401030736,1153.5491529768983,1141.2270095473182,1148.3299955562172,209929
KR,2022-10-18,1148.6942930527312,1151.2965308586126,1135.9177222907008,1147.987062657135,741409
KR,2022-10-19,1146.5473281442653,1153.0884978413258,1144.8468559465737,1149.5110090816313,253073
KR,2022-10-20,1150.1971313855763,1151.7061113795298,1123.0860695281908,1124.3299463714172,275008
KR,2022-10-21,1123.0225510087114,1134.6008487124573,1119.7044372204355,1126.305397092021,381346
KR,2022-10-24,1128.2790758259866,1147.2458929603458,1125.8409679108738,1143.847782693875,317660
KR,2022-10-25,1142.8328639898882,1147.3872078436807,1138.222759371865,1143.3273543762066,456954
KR,2022-10-26,1141.5560320127033,1177.939500048499,1127.9679687093894,1163.5905102510244,411164
KR,2022-10-27,1163.5133623641889,1164.6295969180826,1159.1721570417415,1159.80816358632,86952
KR,2022-10-28,1163.01230718022,1170.3226519461925,1143.7041987861928,1152.6330457031272,763231
KR,2022-10-31,1152.4586325483092,1154.3838702081398,1139.3276605696863,1142.6352565131758,537273
KR,2022-11-01,1140.4542152438862,1145.1919258344806,1127.308178207667,1131.061415545525,449972
KR,2022-11-02,1128.4424457900573,1133.1181568401132,1122.7134117003923,1125.2581326402392,220635
KR,2022-11-03,1124.6921639408358,1130.0096009738425,1109.7372742209332,1116.6617974299834,870945
KR,2022-11-04,1118.2586592961325,1127.414874981151,1106.9373554222118,1112.4314221354516,404306
KR,2022-11-07,1112.9949098758661,1119.335704427415,1096.128094313349,1100.4178132619832,1049628
KR,2022-11-08,1105.470709791869,1110.3089257936883,1099.0088597964548,1099.8271470737754,1396793
KR,2022-11-09,1105.6806551256175,1120.7705448116408,1098.9526634324088,1101.8365753455316,929024
KR,2022-11-10,1108.9563410009146,1118.8953608964798,1104.1069568675757,1106.2597081296842,1224925
KR,2022-11-11,1109.7140817599206,1112.8403104687181,1092.0574613629199,1100.9234008126339,358060
KR,2022-11-14,1100.4552376732934,1105.6252170884206,1099.502193569628,1101.430517687671,107113
KR,2022-11-15,1099.478588611324,1103.3834069692923,1085.554506415153,1096.0691052987893,430215
KR,2022-11-16,1095.2344807936283,1095.8870793018777,1092.1158287181315,1094.8199522389857,888846
KR,2022-11-17,1091.8077806151139,1098.4619273156623,1088.3222412421874,1095.7309802880907,609300
KR,2022-11-18,1088.246547530433,1107.819269837424,1087.5413146206545,1104.566255447735,220543
KR,2022-11-21,1111.580710921679,1130.6079578395772,1109.1891157766206,1128.8705332852485,765508
KR,2022-11-22,1133.5369601162345,1141.1355996497318,1117.5787811676867,1119.8835397372593,480878
KR,2022-11-23,1123.1096608162168,1128.7628273261812,1116.067752946775,1127.6152445392781,523101
KR,2022-11-24,1124.525176527272,1130.3825676464678,1116.3379085605475,1121.4739643014982,373873
KR,2022-11-25,1118.0636469328015,1128.023633428699,1115.4923173868706,1125.5583932419463,475777
KR,2022-11-28,1131.820172376162,1138.971153953812,1120.922369413294,1125.3026141184985,249580
KR,2022-11-29,1122.4477382598152,1144.6027399469417,1119.3062989620973,1139.262477844006,305003
KR,2022-11-30,1137.413408094978,1158.2935260037584,1135.3250868266755,1150.4626884876996,805771
KR,2022-12-01,1152.603616728277,1176.1583618168797,1149.7910169505449,1173.363370995062,886443
KR,2022-12-02,1170.0130542247014,1181.1285282711056,1166.557876122981,1176.288422391943,279233
KR,2022-12-05,1173.4147543798651,1173.4391847410789,1160.934413618901,1162.7700450610616,309374
KR,2022-12-06,1157.3860917407358,1167.971353497256,1154.231985834521,1166.181640492147,568064
KR,2022-12-07,1167.687457866443,1171.1648022238066,1162.0117223245545,1168.4900156357273,473193
KR,2022-12-08,1174.6721606982169,1175.340922190499,1167.073601355732,1169.3389528353157,1240206
KR,2022-12-09,1170.897285037558,1174.2829619587371,1158.711474837538,1161.9286615187632,418707
KR,2022-12-12,1165.821155632375,1177.1707778499356,1156.340954564957,1171.9047570336147,202256
KR,2022-12-13,1173.2789666878366,1178.4712913126596,1141.8681124250857,1154.5200826172472,269266
KR,2022-12-14,1150.7936321197833,1168.2632074057026,1150.6732346083427,1167.4979685601163,952263
KR,2022-12-15,1168.0380998621768,1192.4392289579132,1157.1126397303271,1189.5402516186764,472025
KR,2022-12-16,1192.6785116972712,1196.618198239446,1157.2429016059928,1159.859627866844,468786
KR,2022-12-19,1160.9228151259938,1165.2772678775875,1148.8331850257382,1157.8685104690144,293497
KR,2022-12-20,1161.8060926251887,1180.8333912667683,1159.530871864101,1179.0695210760414,354860
KR,2022-12-21,1179.3202241984054,1194.3654141652642,1177.364532865578,1181.9219560943452,580332
KR,2022-12-22,1175.1178071267452,1181.2868667194168,1166.2648614793277,1167.636238858177,409634
KR,2022-12-23,1169.3278639863822,1170.6287273613752,1144.4805347423285,1145.415248845214,588085
KR,2022-12-26,1145.5453810697968,1146.3626326619224,1141.2083680378003,1145.6102177880055,290632
KR,2022-12-27,1148.071157595203,1154.4940685656134,1142.2316838032182,1152.715559728596,518203
KR,2022-12-28,1149.9313514131652,1151.1656591606156,1130.026423987203,1133.455895999713,875357
KR,2022-12-29,1139.595412750113,1148.2852495368634,1133.4486630494353,1145.6528364862697,728599
KR,2022-12-30,1149.85490594347,1160.1193768037165,1115.5360109505264,1118.0673596846464,419196
KR,2023-01-02,1121.2145944427643,1131.5603855482211,1114.3910865715875,1127.898821618861,383387
KR,2023-01-03,1124.8459841535455,1131.3627042795006,1118.631016772494,1123.3350789521305,289410
KR,2023-01-04,1119.9258652346302,1148.1753321829608,1116.4459767771955,1143.2075161661573,554247
KR,2023-01-05,1145.1086750154375,1149.5688560374106,1131.3613791323191,1140.0580219956769,277768
KR,2023-01-06,1143.5858233716112,1163.4952775495296,1143.106947997975,1151.1646050334325,756800
KR,2023-01-09,1154.0714488346687,1167.1396336024525,1123.4625239507059,1138.9815020567787,669042
KR,2023-01-10,1142.330129946021,1147.471562439116,1126.5162752174322,1134.2920220882354,657202
KR,2023-01-11,1133.113229510723,1137.9708565340868,1126.3531188028105,1131.976741697795,1262175
KR,2023-01-12,1132.960348644854,1134.0021891958868,1123.9968238891174,1127.2783329177641,1212261
KR,2023-01-13,1122.2937584875244,1139.9149594801938,1120.2692520086764,1139.041399382,821902
KR,2023-01-16,1135.6965914355567,1141.161029354486,1106.962141030675,1113.6988910921407,460424
KR,2023-01-17,1112.0496837706046,1115.5494661285722,1077.043079141953,1089.2565601535741,288768
KR,2023-01-18,1087.5413668626122,1092.7074526832089,1079.3112640772943,1091.9820038060275,631727
KR,2023-01-19,1095.5579950759852,1103.0858171132734,1092.7535986584307,1101.8911403572938,379690
KR,2023-01-20,1103.1739052736357,1105.1343858448492,1099.5319729979142,1099.637966717068,336333
KR,2023-01-23,1101.1064614245317,1101.7179682801898,1082.8111278042497,1084.6227814333924,328595
KR,2023-01-24,1081.0989453154166,1088.0476592005496,1077.1536501032772,1086.4057988577717,543038
KR,2023-01-25,1080.2040094347674,1093.567112655333,1074.1427641722094,1092.8233797449761,975665
KR,2023-01-26,1094.3626978027148,1107.1068498182722,1093.8105044370998,1097.4795896596063,355312
KR,2023-01-27,1094.645531932004,1103.3371683338935,1091.1145355409153,1096.8184008745766,594597
KR,2023-01-30,1101.807879395349,1113.8264112470322,1094.3336278626684,1113.6626121857319,701013
KR,2023-01-31,1113.2021660378255,1132.010929223903,1111.7112705149536,1128.218857177338,1078031
KR,2023-02-01,1129.2069654177506,1134.0769421670877,1115.8899431127443,1127.8968603152477,194404
KR,2023-02-02,1122.437983420358,1133.832526060275,1120.0228957921165,1126.3276513466656,476961
KR,2023-02-03,1126.1029692137506,1128.1912917516183,1115.1491170849845,1120.2330906715144,324946
KR,2023-02-06,1119.260542758638,1142.673214847289,1115.044059999714,1134.6006289693369,513337
KR,2023-02-07,1135.5974332726144,1137.685300298228,1121.7015802706849,1128.729536886569,297029
KR,2023-02-08,1129.5318298904313,1137.1161306649583,1118.9119310565966,1135.7321172455968,261933
KR,2023-02-09,1133.7339627930946,1167.9232466163908,1129.6554424263272,1157.7533910231982,1261416
KR,2023-02-10,1157.4013033075103,1161.8183666841712,1142.9275097555023,1150.7730280294443,503406
KR,2023-02-13,1146.0650639717762,1152.8092631358172,1141.498085252847,1147.6387758855642,365560
KR,2023-02-14,1151.20637747198,1154.7245470843093,1114.158011922093,1121.7827978175878,951221
KR,2023-02-15,1125.8086887193947,1147.0971632757141,1122.581481774108,1145.247818517788,490983
KR,2023-02-16,1142.56675283921,1144.4078911539511,1136.0760127587662,1138.8770762218144,182066
KR,2023-02-17,1139.7151541782205,1146.226093142565,1126.2592524733775,1135.1953765845208,751726
KR,2023-02-20,1138.1933178861862,1138.8338534862905,1129.3887848575944,1135.6835726566153,380745
KR,2023-02-21,1136.5509681367002,1139.257458987417,1127.1179843226673,1134.5688221211003,840201
KR,2023-02-22,1136.0224869175627,1137.4375025411143,1117.9344433636584,1120.0586566078453,544107
KR,2023-02-23,1116.4673711492667,1142.2417866576482,1111.1454948152564,1138.799135358476,809306
KR,2023-02-24,1138.9359455962651,1141.6211920067062,1136.0545848234462,1141.4457131277302,1079872
KR,2023-02-27,1138.9807127317513,1143.6696001460923,1135.92148697055,1139.0375024080752,470067
KR,2023-02-28,1135.5417652212172,1156.1725382245095,1129.3492420336681,1148.4307595832697,175906
KR,2023-03-01,1150.2398177400396,1153.6327896478165,1137.7841079213822,1153.3469545623532,247747
KR,2023-03-02,1154.7336361515613,1160.7076204710927,1143.8542785928785,1144.605690779244,460878
KR,2023-03-03,1151.0223182329,1158.707661076033,1146.3327129472436,1149.0765902171702,452195
KR,2023-03-06,1151.7526260899251,1153.3807983349739,1134.8966240085697,1138.434652357732,656532
KR,2023-03-07,1136.6513704419115,1160.8584599456149,1135.2032410352508,1157.1729193773176,751745
KR,2023-03-08,1159.4026285569169,1161.7522268565303,1153.4257476967018,1153.43401123892,708646
KR,2023-03-09,1157.8393691554024,1165.6809335390856,1130.1993363675276,1132.2842402932151,358924
KR,2023-03-10,1127.0569343485529,1131.1990464974099,1121.3785795068625,1126.5301071711538,377933
KR,2023-03-13,1126.5765067209663,1130.6624969636907,1110.7207434174113,1115.7028455105333,262300
KR,2023-03-14,1117.8628013707855,1121.128813137546,1109.6619699667162,1113.3147336925047,161457
KR,2023-03-15,1115.354177958709,1143.6505862878091,1115.1054532165783,1142.5509332929353,213431
KR,2023-03-16,1141.1501099066918,1143.3004821292056,1119.4410872652807,1121.299942995966,412016
KR,2023-03-17,1121.4070197260892,1123.773375808792,1114.8224537098604,1120.3498311685944,395703
KR,2023-03-20,1119.4037129087128,1123.8818126324716,1114.6195636119471,1115.179748755869,1409537
KR,2023-03-21,1121.024017308366,1129.8666344059518,1107.8385571940275,1129.0944777524098,273995
KR,2023-03-22,1131.6436698502448,1137.0222389802423,1096.9600069512312,1102.0917581671029,489310
KR,2023-03-23,1103.7870363605418,1113.4269261131901,1098.3812591439646,1111.0912134881924,311773
KR,2023-03-24,1109.514818334354,1115.5581711123314,1103.523361657432,1106.8591112196668,342323
KR,2023-03-27,1111.2115933864875,1112.0172358881375,1076.6032143548648,1082.934357531685,411902
KR,2023-03-28,1086.017933772364,1086.7372729631156,1081.3472927154767,1082.1389566836126,308164
KR,2023-03-29,1074.8429139691507,1080.5616393195828,1067.5210149549125,1071.2140999423027,307400
KR,2023-03-30,1070.5286183067728,1072.2059115428258,1060.233633287148,1069.4779467705955,580216
KR,2023-03-31,1073.6758253663836,1080.6175766043734,1070.9887601170083,1074.9433819700612,1023191
KR,2023-04-03,1078.7722326143935,1103.6261934154263,1077.0645014800089,1097.2169971615492,336637
KR,2023-04-04,1093.9633537277782,1103.635307383957,1091.7743644584116,1099.8791371986533,583897
KR,2023-04-05,1093.961499006579,1099.8391997635624,1083.7636048181018,1086.7836491384157,305128
KR,2023-04-06,1085.7027651778378,1099.0248629059613,1080.4046685684127,1093.809492585111,208297
KR,2023-04-07,1094.7415197125094,1099.5363912223336,1085.2219990171081,1085.3978351429364,410550
KR,2023-04-10,1079.8576180939547,1083.5051888017101,1067.2391801947156,1073.7443586481172,104546
KR,2023-04-11,1071.300591015271,1080.9663908817404,1061.0151063811406,1069.618850943401,198060
KR,2023-04-12,1070.0731274783695,1076.6300577575294,1070.0548884395648,1075.1512659850523,713550
KR,2023-04-13,1075.6665728935325,1085.2971441888258,1072.6374033856894,1082.5190036427762,931469
KR,2023-04-14,1079.5531639361286,1085.3689414494042,1056.6189460927983,1064.2278489476246,445010
KR,2023-04-17,1065.327601756682,1074.1249696510301,1055.9776995686157,1069.8363558768187,310807
KR,2023-04-18,1076.052640287571,1084.4277505802438,1057.2601329640124,1066.3200826171344,616575
KR,2023-04-19,1062.700692230634,1078.3702432944822,1053.1985362750472,1077.1249296135868,627775
KR,2023-04-20,1075.5697266414027,1080.9731582558447,1058.9747865911208,1059.38268520912,552771
KR,2023-04-21,1052.2258213610066,1068.841785343508,1051.8045704275562,1058.1247473047965,442429
KR,2023-04-24,1057.2885847527875,1074.101622138455,1055.2375181782966,1066.1630423462411,347046
KR,2023-04-25,1068.6913692837034,1072.6283671574893,1062.8580357699295,1067.5257703647155,655612
KR,2023-04-26,1067.7022675009543,1079.9808840970213,1067.2061578765854,1077.2540647900578,608905
KR,2023-04-27,1070.844722755154,1074.128558012678,1059.7790460323145,1062.9938931100705,368389
KR,2023-04-28,1066.0036030877786,1077.9891253323544,1063.1840708189097,1072.4494674412813,817085
KR,2023-05-01,1073.0575984370998,1089.4826181153924,1071.0827451509151,1084.0174100484571,450895
KR,2023-05-02,1085.6516161805355,1089.0137590638265,1076.40467444968,1081.0219429553053,502849
KR,2023-05-03,1081.459320154582,1090.193208417667,1077.898274491373,1079.4935960674634,181994
KR,2023-05-04,1076.774646540658,1090.4871911717091,1075.777088413999,1080.280696485765,425751
KR,2023-05-05,1082.6159619634843,1088.0327415743932,1065.0306386749808,1071.8576061297488,302319
KR,2023-05-08,1074.4143473804236,1078.0032280995688,1068.011995678998,1069.4775321747402,393437
KR,2023-05-09,1067.6091105188266,1072.3353917061747,1058.783478963219,1059.6610161614483,392065
KR,2023-05-10,1059.4416901152426,1061.174303408186,1057.2532400157986,1057.7248651141397,503567
KR,2023-05-11,1059.0912792295155,1077.0301854177023,1046.7655389697181,1071.5569468027754,287664
KR,2023-05-12,1069.0565288491655,1076.3455397365333,1059.393111793879,1074.9392783671985,304005
KR,2023-05-15,1076.1746037457106,1084.0058542871377,1069.0871374851163,1070.7268909710697,573948
KR,2023-05-16,1071.4612604542592,1074.0004600738243,1069.3845539451468,1073.9096152000056,270346
KR,2023-05-17,1072.1375740919648,1072.9963276718238,1061.0776595832363,1063.5106733952541,428289
KR,2023-05-18,1059.618435042385,1067.1242022712825,1055.6769874789745,1058.9436425660062,812712
KR,2023-05-19,1063.8161915577216,1082.0671087267879,1036.6592335533796,1042.1436970426894,312934
KR,2023-05-22,1037.5942934023951,1046.9182313926747,1032.4967836076662,1034.348667759316,154464
KR,2023-05-23,1034.3550247912322,1045.4811310102439,1031.2818645586592,1043.5192262869602,278574
KR,2023-05-24,1046.2021474996413,1071.0013374942473,1037.9630250496239,1062.0085454555506,219188
KR,2023-05-25,1066.5602769038508,1067.580389085937,1059.5025161805183,1059.7955891252154,264601
KR,2023-05-26,1063.6416291457117,1066.4470621428693,1059.0040014426843,1061.4175049815744,652363
KR,2023-05-29,1057.2006122438954,1073.894552313849,1050.362259192824,1065.7664578534307,190895
KR,2023-05-30,1070.5760711990893,1078.2196054325152,1068.121013941538,1069.223975201924,281907
KR,2023-05-31,1071.1633444715594,1078.1883713875943,1051.4527552648813,1058.481642916316,392711
KR,2023-06-01,1053.8203085444597,1068.231594338545,1044.5292680564123,1066.3063491497753,441788
KR,2023-06-02,1064.666894045858,1076.8833639711302,1055.6105102906336,1072.590782496882,527701
KR,2023-06-05,1069.837798926514,1071.6977389507676,1055.152875336586,1065.812534568239,472382
KR,2023-06-06,1066.8230241200904,1068.7100354813624,1063.1359133857388,1063.612740612372,314247
KR,2023-06-07,1062.794838299539,1067.0459487513672,1041.4167097683062,1051.6136683836812,330920
KR,2023-06-08,1047.1860133944756,1067.7879878052286,1045.4620414377637,1060.7990042890187,216763
KR,2023-06-09,1066.61596889458,1069.222691495851,1046.606366208328,1056.9832507616,672664
KR,2023-06-12,1057.8862238674408,1068.2582103257703,1052.7713702482147,1066.348453300533,370538
KR,2023-06-13,1069.105462313861,1071.6123860344176,1053.2605677693286,1057.1592764773209,1052387
KR,2023-06-14,1048.4665090172252,1072.991889283472,1041.5130374924559,1068.2361857025612,432400
KR,2023-06-15,1069.9147793549803,1070.3073816791803,1064.245861354243,1065.0609551803598,169983
KR,2023-06-16,1070.8096445294748,1087.811185689103,1063.8874525470183,1082.060187640787,654911
KR,2023-06-19,1081.6762056933017,1084.1255322710429,1071.7622563106304,1077.0836374687767,357382
KR,2023-06-20,1077.1658111478466,1085.9131463609492,1077.0864327268241,1081.8563303073192,439985
KR,2023-06-21,1073.6609838324205,1107.688983091218,1066.8315889793466,1097.4598417479865,483491
KR,2023-06-22,1099.9364883226501,1108.4267851976815,1098.1717956787966,1101.9772947887714,245234
KR,2023-06-23,1111.9410800126973,1113.0414509036123,1084.8898244441607,1085.8846609399968,571564
KR,2023-06-26,1091.7450352950502,1097.2146574739797,1070.1263046923636,1074.2181560279573,364403
KR,2023-06-27,1068.808523459893,1089.1739444492614,1057.353218752559,1085.588027556892,774577
KR,2023-06-28,1088.6945039411512,1089.0665302137036,1060.3380424099134,1063.8724353956181,244661
KR,2023-06-29,1062.5533213462143,1098.271918600514,1057.192774167799,1094.098679455012,239054
KR,2023-06-30,1100.619522214012,1107.0931298378423,1079.101952912682,1081.7815765421121,587378
KR,2023-07-03,1086.6729823942528,1104.2252701629047,1082.799449171325,1098.2097832623538,293673
KR,2023-07-04,1098.395295497125,1100.812534096425,1074.455107826056,1075.1551416076097,401062
KR,2023-07-05,1072.9305828424442,1101.6474696233681,1070.3349703345202,1099.868726215336,637757
KR,2023-07-06,1096.2105869441466,1117.76249342196,1092.9600989668133,1116.6814846421,340016
KR,2023-07-07,1119.8821781149486,1122.6292341324956,1108.0199489430624,1114.388954696309,250348
KR,2023-07-10,1114.4752961683005,1136.7726810383062,1104.1675395857108,1135.4627142385068,428713
KR,2023-07-11,1128.4493616265997,1135.0143176442862,1123.2537196474784,1125.7323591071088,414796
KR,2023-07-12,1124.7899247118937,1129.9326877757746,1114.5546612462003,1128.6222114892805,411518
KR,2023-07-13,1123.06882491824,1147.050592267472,1118.0864269611334,1142.09677005425,346455
KR,2023-07-14,1140.570445218177,1143.3814535543622,1122.1312207082644,1122.9592015074954,283015
KR,2023-07-17,1131.593084603642,1135.7185562421257,1125.021955495386,1132.264739574209,399653
KR,2023-07-18,1133.1811458292564,1135.7824251374736,1131.7685834531917,1134.7087574272612,429804
KR,2023-07-19,1140.267517029193,1148.1408073408024,1134.4243510923245,1142.5408497093267,445622
KR,2023-07-20,1148.0009736841346,1149.4111173733606,1146.5319441907645,1148.7606300763932,1272083
KR,2023-07-21,1144.5557037626897,1146.8245966954637,1137.3625311015667,1141.7541144538366,397944
KR,2023-07-24,1149.3813201966154,1156.3265021314003,1111.0453290008481,1116.4852864350946,427461
KR,2023-07-25,1115.8547749937757,1119.7934750652519,1106.5366844223668,1114.675639971156,567403
KR,2023-07-26,1112.5047180759645,1124.415133718543,1106.320543348354,1110.1879373568136,347251
KR,2023-07-27,1114.4607144831186,1116.8512419393753,1112.3743083933803,1115.7046573721527,229497
KR,2023-07-28,1116.921237467438,1118.447974359216,1072.7576629319472,1079.5740810249945,250767
KR,2023-07-31,1082.8276326773182,1084.2530176852765,1076.2291032193516,1077.1683036308261,253199
KR,2023-08-01,1076.423592471377,1078.8628488472716,1069.3986392721513,1070.160254974498,476168
KR,2023-08-02,1074.5078571298468,1082.2681039183833,1062.8237992236684,1072.2135155771136,559555
KR,2023-08-03,1070.0288957436146,1087.1834255845215,1066.4489258999197,1073.960141301699,619450
KR,2023-08-04,1074.3612320801435,1078.9599264556923,1066.0650250062129,1072.5222570749388,706500
KR,2023-08-07,1070.3352101115493,1073.5449372509383,1062.0260647946793,1068.3357482193512,538682
KR,2023-08-08,1070.9002765270914,1074.1095847248957,1059.6617761578111,1066.23511071248,783542
KR,2023-08-09,1067.2792027326166,1068.0865425187983,1057.3141333728186,1061.0645781072956,638430
KR,2023-08-10,1064.216862194882,1071.9967954469687,1041.902672823075,1045.3540010195356,628433
KR,2023-08-11,1046.020635657724,1049.6233645445136,1040.8529200515634,1048.7877448915485,503819
KR,2023-08-14,1051.2288173969089,1055.171078695709,1040.0950548664398,1046.5247036003068,901253
KR,2023-08-15,1046.5339764681685,1063.6347365715737,1039.478976612203,1060.4707079077666,1449486
KR,2023-08-16,1065.0069751035087,1074.132638703116,1059.4986174873038,1072.4350741942162,187599
KR,2023-08-17,1074.9163858459272,1082.034670758218,1058.1041500343642,1059.5363453618509,487690
KR,2023-08-18,1063.3689386626343,1064.2556587497677,1058.053307133006,1059.231962633543,579022
KR,2023-08-21,1065.6740948219121,1069.5940084244523,1048.4115170714554,1050.895607652671,335297
KR,2023-08-22,1055.0037579841908,1065.2842879749817,1053.313813783454,1058.656949955012,409047
KR,2023-08-23,1061.3452508548914,1062.1870608743866,1059.8305616614184,1060.299563173956,318911
KR,2023-08-24,1056.6529112138755,1066.2369885499497,1054.0928166613205,1066.00365277361,385595
KR,2023-08-25,1070.860913884051,1086.8636070717148,1070.6641085265246,1085.9209869270187,340993
KR,2023-08-28,1084.2859208588065,1084.6060157573388,1072.6419541393557,1073.2985446534583,756918
KR,2023-08-29,1071.3133436293067,1100.6896334516655,1069.5163587914312,1096.7834438234897,354927
KR,2023-08-30,1096.4833019105292,1109.3004590279013,1090.6570289318606,1107.080917605955,260441
KR,2023-08-31,1104.3397674921573,1110.371437177733,1100.463883743048,1103.6430506443946,609922
KR,2023-09-01,1106.9925338688142,1110.1597400496528,1094.1648461946556,1095.9735043458616,305921
KR,2023-09-04,1096.0906632103524,1100.2496761602115,1070.6522013357355,1072.344968275677,538010
KR,2023-09-05,1074.0447418869371,1080.7621257616775,1067.4472222814184,1074.1875168881813,1104373
KR,2023-09-06,1071.0383841590715,1100.098379398307,1070.3138976861637,1094.3186631038584,264081
KR,2023-09-07,1094.6659302421806,1108.4761918587494,1093.5625740067474,1104.5109929340185,732045
KR,2023-09-08,1097.5355183801846,1110.6101631559502,1095.0691670038227,1108.3409421360486,796112
KR,2023-09-11,1107.5651673757193,1112.2855218166883,1104.9777086953638,1111.3224078522633,232740
KR,2023-09-12,1110.0484915969143,1112.7648220525148,1105.310911669532,1111.2309770110908,1012407
KR,2023-09-13,1107.0826644566994,1121.4835122275513,1098.6461920370766,1112.8167209438602,1553675
KR,2023-09-14,1113.2994449534524,1132.0627836356596,1110.2999908684865,1131.0505577744282,599888
KR,2023-09-15,1128.6722125013287,1129.3519375697385,1114.2349007022738,1126.988824805938,489889
KR,2023-09-18,1127.3946381069363,1159.3520112281742,1121.2773254690517,1148.304652160502,767102
KR,2023-09-19,1146.0753157774852,1149.072357469998,1124.2047577758874,1132.034521573578,554688
KR,2023-09-20,1131.2526128669872,1161.5181214351876,1127.8593368967977,1146.6552749237426,642764
KR,2023-09-21,1139.9574240403992,1143.1333506823496,1128.6876416152177,1135.0577869054482,555753
KR,2023-09-22,1138.7260933979333,1149.881668346054,1123.6024513750037,1148.7735421998455,447639
KR,2023-09-25,1150.7053794587894,1164.8527730106284,1142.35193292495,1159.5233270846234,268490
KR,2023-09-26,1161.937466056645,1169.269522513665,1154.7127935236406,1163.2603044277387,969130
KR,2023-09-27,1164.613031225812,1165.8097039471427,1144.7276250274992,1158.038035548296,353150
KR,2023-09-28,1163.133841269573,1169.1902262275153,1145.6105599525267,1146.4303566713515,601125
KR,2023-09-29,1146.8243896537608,1152.0454790004728,1113.2022045284707,1122.6050784937568,740184
KR,2023-10-02,1127.838715581081,1140.8661958084674,1122.8990171613923,1136.9421446008885,279339
KR,2023-10-03,1135.777461243639,1139.3842609903709,1100.700550497936,1119.9042087775604,543946
KR,2023-10-04,1113.3348844957684,1129.1342241598707,1112.6692751938792,1124.5265753178805,566179
KR,2023-10-05,1123.8673096177497,1132.726149448538,1105.4916630203177,1110.153497484164,512414
KR,2023-10-06,1110.9063393964075,1115.9748217485126,1109.4365645545759,1114.2410380201507,911400
KR,2023-10-09,1113.2830192173672,1115.6098182244077,1093.8084760454112,1098.311571568504,517804
KR,2023-10-10,1097.80535398636,1113.488327612983,1092.7228573521966,1110.956119623085,359704
KR,2023-10-11,1103.6025251269289,1115.6017374664928,1097.4635705967673,1100.2610453445118,631361
KR,2023-10-12,1103.3505176912756,1107.2337574002083,1096.826137535617,1106.253674003767,979837
KR,2023-10-13,1105.5722912775398,1113.3083959143962,1094.222969177135,1096.1228062869961,368445
KR,2023-10-16,1099.7598740094536,1100.788535177761,1082.8344393122038,1089.8098566507683,278005
KR,2023-10-17,1086.1083667711564,1091.43056834382,1077.6900842315438,1089.6782283969928,710625
KR,2023-10-18,1091.8513393173648,1110.9662644891814,1086.5266652719877,1104.8579048927074,622771
KR,2023-10-19,1107.0102916292885,1109.7737270092657,1096.761791432036,1103.9698765825012,249578
KR,2023-10-20,1108.3015501611305,1126.8957326127074,1107.354495806402,1115.6177588678079,218525
KR,2023-10-23,1113.772988979951,1128.9965709039805,1113.6998825174478,1119.3677021716092,262369
KR,2023-10-24,1122.3209106295858,1153.914566327825,1117.0758525033684,1149.387616787593,397212
KR,2023-10-25,1148.0096340222233,1163.7149406685546,1140.2731258933995,1157.663760772591,615798
KR,2023-10-26,1152.1073440542743,1156.005822341726,1141.4022756393904,1146.2881371684925,968087
KR,2023-10-27,1151.2125390929582,1157.1932301263762,1142.419672105777,1154.1076043371052,1182817
KR,2023-10-30,1153.6357318096545,1157.7957247992929,1147.8141985090153,1151.0399370698271,908672
KR,2023-10-31,1155.024902731615,1155.7716749762965,1148.505275200384,1149.4032185286044,468080
KR,2023-11-01,1152.38370542095,1167.5910504845183,1129.8256304786287,1152.0576353446995,1033069
KR,2023-11-02,1151.313396741336,1163.4833574225813,1145.5441224384874,1158.544228135548,722905
KR,2023-11-03,1161.4404603445987,1168.07076812767,1149.5964404361139,1155.9682911298255,272183
KR,2023-11-06,1150.623804762522,1165.9707825628543,1144.517249813028,1163.188628729487,1038010
KR,2023-11-07,1159.445717893778,1166.1303447371802,1150.5752626407823,1151.4866328462626,338294
KR,2023-11-08,1146.1727134272528,1157.9242352453155,1136.1227183858916,1153.7309129320822,314347
KR,2023-11-09,1146.4399321671367,1158.9314314721405,1140.2047074643247,1158.1291443133398,278625
KR,2023-11-10,1159.2055090107333,1164.5356381257086,1146.8421782389744,1147.211111985178,279201
KR,2023-11-13,1151.1104478797872,1156.358940644677,1137.6592733216105,1139.2895351013663,490807
KR,2023-11-14,1144.222780286861,1151.7409760588039,1141.895958762472,1150.7473386460508,618512
KR,2023-11-15,1152.5249435183143,1157.7328075812966,1128.1736634356062,1130.00540458984,297653
KR,2023-11-16,1130.377267597288,1132.59462473703,1116.9017671547438,1121.6012218525764,402481
KR,2023-11-17,1121.5468787816594,1127.9306435760157,1118.9869612168307,1122.6714099193211,875108
KR,2023-11-20,1121.9423167161601,1125.5112792142684,1118.3124691004264,1124.8221065435343,255677
KR,2023-11-21,1120.937682132012,1139.4510004957754,1113.4911590601748,1135.4340832361277,565487
KR,2023-11-22,1132.207366133774,1144.2535358277048,1122.054094961486,1142.5121128168796,261664
KR,2023-11-23,1137.0720975809322,1161.841911979227,1135.1634010723794,1151.9182314977804,789055
KR,2023-11-24,1150.889784123149,1168.810953533551,1144.8964277809835,1159.9508241052283,508202
KR,2023-11-27,1160.2142314996747,1162.3466232477597,1126.8416543413325,1128.2204274841836,532313
KR,2023-11-28,1127.6293751529058,1142.444017759941,1120.4813778673865,1139.0950595439065,247568
KR,2023-11-29,1135.4514259589926,1152.8288726372482,1119.0408201227135,1141.9660432186065,927515
KR,2023-11-30,1138.8485198128333,1152.7160146794918,1130.1704687889192,1150.3390949729271,598305
KR,2023-12-01,1155.6121796524233,1160.7649439417517,1143.4902791115405,1147.4790462957453,1840954
KR,2023-12-04,1146.5112963309691,1175.4447575703955,1138.2627508891019,1169.1262558510412,397225
KR,2023-12-05,1166.3221357250864,1180.3208544373501,1150.206950991133,1176.9120322542683,346471
KR,2023-12-06,1169.6201271314856,1201.293248481033,1158.6418152663298,1195.9350257031863,503931
KR,2023-12-07,1203.756496356579,1206.563650013339,1188.0512132900194,1193.7027163756559,521754
KR,2023-12-08,1191.7012063596057,1218.4349388311794,1188.0711329433861,1213.5581530084019,589622
KR,2023-12-11,1207.7867100885633,1225.4075239698514,1197.4017274147686,1218.3366230627255,324713
KR,2023-12-12,1210.2634554679505,1217.705356319272,1209.3819629634336,1214.780791533775,249123
KR,2023-12-13,1219.0507069940222,1224.4707115217007,1203.1924841018708,1214.6209132550964,439579
KR,2023-12-14,1214.848174902064,1235.0799977296394,1208.684249379164,1227.749584367929,505563
KR,2023-12-15,1225.6001047795,1233.3164499657973,1210.8393688195697,1217.8190446967935,616911
KR,2023-12-18,1216.2877377602697,1231.1329422953315,1212.1467840847135,1223.102971119792,617293
KR,2023-12-19,1220.995208728729,1225.1257221830035,1200.0573773955255,1202.331176261932,2400228
KR,2023-12-20,1200.5963570393117,1208.8386009972232,1187.5775622525039,1191.6272929209101,746170
KR,2023-12-21,1192.3689531207901,1207.738804313109,1185.1810967958688,1199.5413892051654,546124
KR,2023-12-22,1200.3109830293083,1211.0848195168128,1193.7805587676587,1209.2400955306905,677628
KR,2023-12-25,1212.5363188775234,1220.0803803148779,1191.0459515530802,1200.9892757192013,694881
KR,2023-12-26,1205.3841305467547,1207.2235921206461,1178.35372313549,1195.5211338268894,499948
KR,2023-12-27,1198.17411355112,1205.514528702232,1188.8145451625749,1189.9730931254414,188690
KR,2023-12-28,1188.1193529781785,1215.4845078639346,1186.4471095027789,1215.2190539485653,367985
KR,2023-12-29,1214.6115157417328,1246.771345247919,1212.4226326367918,1239.809407870184,414173
KR,2024-01-01,1237.0398772815847,1260.79801282229,1235.3815825121276,1258.6519343173786,429030
KR,2024-01-02,1250.4102575745674,1282.701207656028,1249.7669290691776,1274.3904005991376,321367
KR,2024-01-03,1266.0561655429858,1278.5013344779502,1259.1482507332992,1278.012028247099,190974
KR,2024-01-04,1272.6079442931855,1287.3326050187547,1263.2491790292054,1282.3514342412302,473358
KR,2024-01-05,1285.993864484245,1286.9241865193187,1265.4260964487971,1268.0616765303103,1001955
KR,2024-01-08,1263.828001263414,1314.7386827948724,1260.8415069517919,1303.8909068887783,443072
KR,2024-01-09,1300.5644786849543,1330.9269568120203,1295.5085485619172,1319.977325496688,859932
KR,2024-01-10,1316.63562932079,1336.8696809612645,1305.8618556479,1326.7031056292597,295975
KR,2024-01-11,1322.2558335153722,1327.0911032933661,1319.0227131258096,1325.8880028398935,376084
KR,2024-01-12,1324.9850143573176,1326.432042941869,1307.4223718062765,1308.7057571412959,317074
KR,2024-01-15,1313.247080673805,1316.8201947903656,1273.625063094763,1276.2458121037716,307747
KR,2024-01-16,1271.0255145945223,1277.3935850153212,1261.5447106630347,1274.6405251426327,600719
KR,2024-01-17,1275.8648185976622,1280.6981860759454,1251.5428358022152,1258.7930481530889,370551
KR,2024-01-18,1257.3646161399201,1271.884047746035,1254.467891665633,1269.9680154757532,455686
KR,2024-01-19,1272.9327697707783,1282.1649328102535,1257.1847000485302,1272.5324072664587,208585
KR,2024-01-22,1271.1693046124044,1279.218903014472,1240.8638949832134,1253.624302574912,410543
KR,2024-01-23,1255.181715230565,1255.6734234157402,1231.6609997692424,1236.2100037128018,309590
KR,2024-01-24,1235.658278642655,1241.651777901146,1230.0514253741164,1236.2168185650642,399756
KR,2024-01-25,1240.8188613814737,1247.8853456060576,1226.2831939432842,1236.9712521564024,885545
KR,2024-01-26,1230.144088478464,1254.8452325021917,1211.996025483883,1248.5887019151025,420992
KR,2024-01-29,1246.6987546529888,1259.041549245473,1239.4488769576265,1257.1325018167634,489380
KR,2024-01-30,1247.396983680512,1249.7296214982305,1238.0816867712394,1243.9193731429577,510299
KR,2024-01-31,1246.7281442577373,1254.1834847628024,1223.8452371880496,1227.1325864141645,257335
KR,2024-02-01,1234.0793463299535,1235.1097890382948,1214.115908985329,1214.7581825525076,310994
KR,2024-02-02,1217.6216994421025,1220.6936376976532,1212.158890600641,1220.2070685126141,707139
KR,2024-02-05,1221.378031176088,1228.2641314095176,1201.7376092162624,1205.3191589227235,618950
KR,2024-02-06,1205.3036766491111,1215.4220594354804,1203.89397301442,1208.8858955187088,513142
KR,2024-02-07,1209.1526163149483,1212.829182124771,1194.216962338556,1197.9885521057536,385933
KR,2024-02-08,1195.2173424623418,1200.0423445143347,1193.8166212356095,1199.4230953160627,390729
KR,2024-02-09,1198.224701464052,1199.9312293909838,1179.0170896960421,1180.1828375183552,287920
KR,2024-02-12,1182.0186849175109,1184.9398800655479,1180.806432418024,1181.9825993911127,1106895
KR,2024-02-13,1184.389649205994,1187.5597475588565,1172.2766662822105,1173.234858079922,406974
KR,2024-02-14,1172.8257772573966,1183.6320798195486,1171.8697612419746,1183.1516422197276,921145
KR,2024-02-15,1174.3028632990774,1188.8074976447458,1172.9264957389637,1185.9558232172737,457353
KR,2024-02-16,1185.2991355932065,1203.4553410390859,1175.7250265909406,1200.0951088164957,203618
KR,2024-02-19,1205.753785619747,1208.7264683673047,1167.0179520257605,1177.8933717604248,708904
KR,2024-02-20,1181.56420774242,1183.8576246083837,1178.1087558427048,1183.3854182799623,125105
KR,2024-02-21,1179.315349171953,1189.9955959760312,1178.6232568852124,1186.7498631432757,235791
KR,2024-02-22,1181.5138745961372,1185.4413493572683,1167.945148263767,1175.6068659746113,220288
KR,2024-02-23,1173.198429363181,1188.1067250740252,1170.015261092754,1186.8579338753975,172709
KR,2024-02-26,1183.9679434621878,1186.7496151267828,1171.5157857587367,1181.334212380866,431874
KR,2024-02-27,1180.2781567449902,1186.237945825429,1163.1710223941675,1167.4479026666536,404434
KR,2024-02-28,1166.4539550383877,1169.824801788518,1162.0485482388997,1168.351330781711,893277
KR,2024-02-29,1161.1702268048434,1181.3806986543161,1156.9892184959303,1179.6685039400027,359362
KR,2024-03-01,1181.2200374881645,1186.8517849406207,1174.736678402292,1176.5983178366823,394633
KR,2024-03-04,1171.7582727880824,1179.1519909149933,1168.6121671891829,1172.444798400564,387083
KR,2024-03-05,1171.4283310699066,1187.4198884314308,1170.8287486824604,1172.8135555429255,250026
KR,2024-03-06,1172.808300606254,1187.4140144893263,1163.5838584970338,1184.498553905651,290625
KR,2024-03-07,1183.6384197613738,1186.5126647197235,1177.6761944775012,1180.481977988595,164693
KR,2024-03-08,1179.2018339594433,1180.0319082512176,1176.6357857344356,1177.5354467444229,694994
KR,2024-03-11,1178.1844882929777,1195.186164786389,1171.507601571371,1190.8655478010642,221668
KR,2024-03-12,1192.2300118819157,1200.0983107194584,1189.4406955385555,1191.688308126272,408755
KR,2024-03-13,1192.3497262360468,1194.6615359770008,1177.8505703908443,1183.4379052458833,277808
KR,2024-03-14,1186.6382208482387,1191.8299489880535,1167.1448753659895,1169.684834079622,560955
KR,2024-03-15,1167.9692819721324,1169.0617016032395,1139.6524329247802,1147.3424936763395,742290
KR,2024-03-18,1148.1480696751814,1186.11436098387,1145.7998590220402,1173.1443115192626,289329
KR,2024-03-19,1174.2056170373382,1189.2042983560525,1172.8476574282715,1187.142006457792,945256
KR,2024-03-20,1188.9930506961075,1189.084710907421,1175.6787173477314,1175.735469680653,555485
KR,2024-03-21,1181.016482312582,1187.8125796137015,1171.2074765291825,1171.4478391896255,358502
KR,2024-03-22,1172.3564187318716,1180.848524519152,1167.2871419868713,1172.4360531887417,415084
KR,2024-03-25,1174.1005223326274,1189.7702484137033,1172.9852105577336,1182.860919921116,546863
KR,2024-03-26,1181.6778787249032,1184.6966669021258,1166.0098930729853,1179.1163592098715,1110945
KR,2024-03-27,1172.9937697978692,1196.9634445572315,1164.6928796938998,1186.4057452810478,308595
KR,2024-03-28,1185.8793742578107,1191.9788767853966,1179.2921479699626,1189.4388220170626,166533
KR,2024-03-29,1185.1669459819977,1206.2462684982056,1178.8287918473297,1202.23939636396,275331
KR,2024-04-01,1199.4151441925992,1206.7728048162655,1194.4073970192605,1200.1891158816998,452185
KR,2024-04-02,1201.302570771637,1203.0366145842572,1177.597241127541,1177.6975100259951,319486
KR,2024-04-03,1187.7752966224575,1196.5733057531486,1172.4337114608475,1176.6176176757872,237720
KR,2024-04-04,1175.8580541658607,1186.916557415091,1174.1316740436646,1181.7025435985831,210069
KR,2024-04-05,1176.1686313884688,1190.8651023087916,1170.7651915038675,1172.3505807761755,682284
KR,2024-04-08,1168.5544489861486,1175.415880048837,1156.6856548859255,1175.1080884233684,445725
KR,2024-04-09,1176.3751744980204,1184.0115743982292,1170.2741504109483,1182.1206364415966,498102
KR,2024-04-10,1179.364839963576,1184.4996440734712,1154.1417662086847,1157.689502765531,342193
KR,2024-04-11,1158.796076979329,1170.7224693880785,1155.3466344718142,1164.5677037191303,446170
KR,2024-04-12,1160.5724385706067,1180.8372648719005,1155.8846549837804,1179.5398372248476,71158
KR,2024-04-15,1175.8626607639067,1213.8550160112284,1165.1704920099626,1206.2738459018592,576392
KR,2024-04-16,1203.016293669405,1240.5686419786007,1201.0586545868666,1234.3349146961466,489404
KR,2024-04-17,1233.6058213457318,1234.4208351565246,1210.7528816130389,1216.2660443031111,1354629
KR,2024-04-18,1218.667483171439,1221.4518506493912,1200.1117984217065,1205.1104945660622,413075
KR,2024-04-19,1203.0116977733717,1214.508441853222,1198.9144664038245,1212.5327903912105,1450874
KR,2024-04-22,1209.62350251006,1222.228049088417,1209.4648285940245,1220.1926007193194,592072
KR,2024-04-23,1222.4383686129513,1235.0942671360315,1205.3712077168207,1210.0437959873586,292434
KR,2024-04-24,1202.4006332165714,1214.2814940605726,1199.9589337641596,1211.8694747814925,269805
KR,2024-04-25,1212.955640116645,1218.9831149272502,1190.895246048336,1195.4331851581358,268901
KR,2024-04-26,1197.8799862492426,1218.590681528075,1197.5739501269393,1209.7061811291783,810252
KR,2024-04-29,1209.7439863359848,1220.7977517022202,1187.228723668226,1200.3917145514595,627043
KR,2024-04-30,1199.3930868677646,1202.8035624037775,1195.7553387289297,1196.5534469900304,408572
KR,2024-05-01,1197.301034605503,1202.0635110567857,1196.0864986686647,1199.0800127661535,707759
KR,2024-05-02,1197.4308213816453,1204.5680585402768,1194.3510371388636,1202.632512408886,387461
KR,2024-05-03,1201.692607176848,1204.0147066649952,1195.095027100325,1198.251519436137,390390
KR,2024-05-06,1196.7015170361824,1220.4089381513907,1188.0128763543703,1220.4077925858933,372086
KR,2024-05-07,1224.2971908275813,1234.7661936421991,1220.5764255556667,1230.7165802670315,197584
KR,2024-05-08,1230.838514400628,1240.5754485349962,1230.3891588554989,1236.4710725576724,387252
KR,2024-05-09,1235.3458115378708,1245.316241901612,1228.3773235755957,1244.7152412128785,404276
KR,2024-05-10,1246.6446607925354,1257.715851867358,1239.480800492853,1251.554580717137,527152
KR,2024-05-13,1247.6175916433544,1251.656845670428,1224.5798419686682,1235.5464755728556,314907
KR,2024-05-14,1234.0228269490337,1242.4870764673888,1218.1435372394528,1225.0466330999127,310884
KR,2024-05-15,1216.7582148840022,1250.25680086212,1207.6733443836308,1246.85938217865,842364
KR,2024-05-16,1252.871170088074,1259.5955708061722,1230.9773450021005,1237.3149807554325,345336
KR,2024-05-17,1238.1327901876314,1243.4737505149642,1228.479196745115,1234.6682442353003,372266
KR,2024-05-20,1233.1713692113365,1248.0544160872225,1230.089846708515,1242.469812621413,322719
KR,2024-05-21,1250.0045468788253,1257.0405888883458,1238.6144102593357,1240.6437293375216,599407
KR,2024-05-22,1249.3241188546328,1251.73692134227,1233.3262466212257,1242.5126128489999,599673
KR,2024-05-23,1244.821899047586,1273.754292428441,1243.7381262664524,1261.8587985884328,398008
KR,2024-05-24,1265.8946607648427,1267.551993958319,1263.1632997057147,1263.9910501148906,257003
KR,2024-05-27,1272.1054271332032,1282.0019907850913,1245.7847684050755,1249.6332755133285,412148
KR,2024-05-28,1248.7939241125696,1251.5964479737502,1245.1791835726528,1249.3000626616765,1111076
KR,2024-05-29,1250.001894548795,1277.147279190829,1236.9291346953125,1272.7933994257733,328038
KR,2024-05-30,1276.6618227396007,1304.4725379095808,1267.1591537785432,1301.4685048174515,366474
KR,2024-05-31,1305.8291583582213,1331.2695168610214,1302.4905130906902,1321.5010446345725,715712
KR,2024-06-03,1311.1709756559253,1351.3260834936073,1309.2069008141755,1339.595677896653,660531
KR,2024-06-04,1344.0525490824007,1353.6921884626972,1339.6661654334127,1351.2983348934167,369378
KR,2024-06-05,1348.8388197969132,1360.5002389324327,1328.4739000780594,1356.2923316540055,331192
KR,2024-06-06,1351.93551622852,1352.4894021055886,1335.302098810068,1338.5128965178944,835499
KR,2024-06-07,1333.8340409573962,1350.492893632306,1331.1172223679432,1343.9942455519852,484589
KR,2024-06-10,1342.683318441282,1348.0281148622623,1340.0228083028053,1345.3854004256132,367198
KR,2024-06-11,1341.4655210163621,1355.8607640821492,1337.856398099151,1351.3038234144526,480240
KR,2024-06-12,1351.9241344967652,1354.3842008053025,1349.1681017610342,1352.1016321777092,266805
KR,2024-06-13,1353.3290780984457,1362.488445699326,1348.7712564651647,1356.4074535015432,265500
KR,2024-06-14,1357.645524999216,1365.9397354949454,1351.121011857702,1364.3007861178621,904457
KR,2024-06-17,1360.030158810511,1396.7956713376827,1357.5114694582278,1396.5999340877331,427997
KR,2024-06-18,1400.2797052403612,1408.1274403883885,1377.7256248286299,1388.6324510849115,257772
KR,2024-06-19,1386.0313769862084,1391.510950448461,1384.1787409759709,1391.332566628276,790568
KR,2024-06-20,1395.3051067079198,1420.9542887132482,1382.1395756924358,1415.875251031101,473538
KR,2024-06-21,1411.9473066440482,1413.9012609228637,1393.8826784095806,1398.632586941982,705135
KR,2024-06-24,1396.327756444872,1409.8853165314147,1387.4575863923133,1405.9945436874643,391870
KR,2024-06-25,1406.9271939242476,1417.0301235446452,1403.124246386615,1408.309543231041,616798
KR,2024-06-26,1415.4785108949038,1424.742074856981,1404.4054946060817,1415.6538186666808,595196
KR,2024-06-27,1413.4564505223223,1425.2064478088873,1403.957438748825,1423.2530998752864,271003
KR,2024-06-28,1428.2777207023732,1438.3255068268609,1408.893218899035,1435.7513607090375,536188
KR,2024-07-01,1436.531154379766,1454.8175483636599,1428.1714231048873,1438.2733638618813,738140
KR,2024-07-02,1436.2137694121786,1445.824960277051,1415.5096652631864,1420.3303182434367,315195
KR,2024-07-03,1422.3539281170222,1430.9659032665925,1417.6726266560763,1427.0142909762708,330800
KR,2024-07-04,1429.3081685731004,1435.6240419991173,1421.3985082114107,1430.4008209351716,230837
KR,2024-07-05,1435.8317001342489,1455.1624418683623,1435.3573279912955,1454.289657794185,428371
KR,2024-07-08,1444.8020854518495,1472.6114766167816,1435.0297115379951,1466.8375929141548,393423
KR,2024-07-09,1478.5104783785566,1491.3642425095304,1472.8341808302566,1477.9982738127121,404583
KR,2024-07-10,1481.9974673017189,1492.3413845065413,1457.9584666984938,1458.7621313714556,320053
KR,2024-07-11,1462.058053630727,1466.847517964747,1410.6588594132973,1412.958035883878,1449501
KR,2024-07-12,1416.5465959021144,1449.6038220356393,1408.757985398057,1436.3788513329712,567319
KR,2024-07-15,1430.264951362776,1447.6049530598393,1423.7085677785406,1442.0855631154977,269191
KR,2024-07-16,1446.683551197726,1449.203413087886,1438.686130965463,1439.315986001597,659368
KR,2024-07-17,1438.5523096910006,1439.863008207731,1388.537382361252,1389.4124614305547,210327
KR,2024-07-18,1389.8949054568004,1394.9761402680533,1379.2963983544093,1392.9038785987377,672070
KR,2024-07-19,1394.4582636550992,1402.4316079272937,1370.6007396492314,1383.4572145983423,892592
KR,2024-07-22,1380.9687845362957,1383.1838295090647,1345.1851261849445,1350.3518167711356,147203
KR,2024-07-23,1351.1426306293436,1359.4860606303396,1342.8235862422164,1359.4063053572145,599636
KR,2024-07-24,1358.541721137913,1359.1518816255627,1350.2913291118255,1356.0611183130382,289016
KR,2024-07-25,1358.5363758603078,1365.0730550321873,1354.2394302253967,1364.9342337909166,383436
KR,2024-07-26,1368.5365909394895,1381.2197291336797,1364.9213121449986,1379.8950006007856,671917
KR,2024-07-29,1378.9906974169048,1403.3067873916746,1373.8165675562727,1401.0081837147457,253768
KR,2024-07-30,1399.8476955140354,1430.4806763746358,1397.199012224225,1429.5993067767406,1289024
KR,2024-07-31,1430.3513378416105,1437.8131470790138,1412.151286267678,1418.8806781396934,314892
KR,2024-08-01,1420.0603455815024,1430.9205177679578,1419.3906189364834,1423.9853512694067,902946
KR,2024-08-02,1417.3362313596037,1426.5160031624166,1405.9741444797444,1419.6214361627324,850224
KR,2024-08-05,1415.3499102114345,1426.5724540652866,1413.482022509988,1420.650301721219,556309
KR,2024-08-06,1430.6064787004502,1443.13654326531,1411.7333637941533,1417.5973021527946,460181
KR,2024-08-07,1415.2486600211146,1425.6307647167444,1409.2693380484668,1417.7909189066672,541296
KR,2024-08-08,1420.0373711777502,1420.8772703091563,1406.9775978393598,1407.5934186383176,567963
KR,2024-08-09,1412.7794409279848,1433.4044809937402,1407.859424902342,1422.9260143520496,626638
KR,2024-08-12,1428.2263818407455,1432.4236226156245,1405.852866178669,1409.4711126514496,153639
KR,2024-08-13,1408.196004134502,1409.70955201589,1383.4536737980761,1383.9907577984593,502857
KR,2024-08-14,1381.3399422010361,1405.9642452332216,1373.0733854613839,1379.3543423205253,503211
KR,2024-08-15,1388.2249917527965,1397.6427236410202,1385.2646741156773,1388.6829573029054,1296730
KR,2024-08-16,1389.5273353211362,1402.3724219596359,1379.2007249338355,1392.2236601828358,422851
KR,2024-08-19,1393.941854405372,1403.7793494921475,1374.4670902917987,1374.8256162164976,572754
KR,2024-08-20,1372.4689756710638,1377.3663809338111,1352.5571539116315,1357.8305847494103,181500
KR,2024-08-21,1358.7460696321464,1363.7419036564906,1352.9519162664003,1359.712100653342,266885
KR,2024-08-22,1356.291241936425,1380.8879637796638,1350.1098902166948,1380.0934273171238,318646
KR,2024-08-23,1383.5802248155894,1384.4846031872892,1375.2933301668222,1379.6503883425382,475235
KR,2024-08-26,1374.778808465161,1384.5112312799115,1371.5610284349616,1379.514112959414,210477
KR,2024-08-27,1379.4818503243057,1388.2472708105443,1377.2164319349363,1387.2069425363713,626619
KR,2024-08-28,1391.3027669502699,1391.562543373791,1365.1961587627563,1376.0531751205292,416948
KR,2024-08-29,1380.0904167207414,1383.6850359146054,1338.8650650815212,1349.2192201275282,157104
KR,2024-08-30,1342.64009118571,1370.1647905938266,1338.7773034707975,1367.496735964419,832108
KR,2024-09-02,1370.6981732226798,1382.7217674512256,1352.1030792864262,1355.9499793971438,551963
KR,2024-09-03,1363.8733033876897,1379.8701530973872,1356.277014323409,1365.9101736554317,824533
KR,2024-09-04,1364.6622591532387,1385.6924600591503,1358.686645971976,1381.3717548351578,262237
KR,2024-09-05,1380.8635734098323,1388.0204207442991,1378.5259618331854,1382.7249331521339,376714
KR,2024-09-06,1392.413663783582,1398.9925214597006,1375.6649457257547,1379.1041362986564,882865
KR,2024-09-09,1379.8278860325042,1390.4462849844415,1372.1887484318854,1383.2668667810303,331052
KR,2024-09-10,1375.0246781281114,1376.487918012692,1368.7545848884542,1376.1600946656088,140088
KR,2024-09-11,1378.9186508132207,1389.0631692157851,1373.3196671016613,1384.497514039181,500893
KR,2024-09-12,1396.3513855885694,1407.623203817769,1390.0978517225037,1394.6259520849785,354675
KR,2024-09-13,1403.787374825236,1405.4860360561754,1387.713589099045,1387.7586503770162,241935
KR,2024-09-16,1383.05168402297,1405.5504319180743,1381.4075709766041,1402.120920263323,363074
KR,2024-09-17,1401.8268347675662,1415.5790663439245,1398.2865826146106,1411.8412889070742,825386
KR,2024-09-18,1410.3337185153243,1415.8022584497699,1386.3495437739796,1397.530345639977,385954
KR,2024-09-19,1399.4447531437463,1430.8781170766138,1393.7251396636955,1414.7084243901663,975115
KR,2024-09-20,1412.046511141824,1434.4137322928814,1411.8000352537072,1426.2172472162167,485594
KR,2024-09-23,1424.3982743931863,1453.814845442088,1419.751066897789,1447.7179530021663,636936
KR,2024-09-24,1446.235432812617,1451.1585365873711,1435.391508840506,1444.0679398393074,362430
KR,2024-09-25,1441.5862068888246,1447.0201555942162,1412.0467360368236,1420.4213070353724,351275
KR,2024-09-26,1421.8373233067134,1427.0616377724823,1420.5251960132393,1426.1344999195662,183966
KR,2024-09-27,1422.2272887465847,1431.752432555734,1395.7690179775561,1399.348559944906,537592
KR,2024-09-30,1399.156450499452,1411.3655093865182,1393.023187504188,1408.8658865881262,570000
KR,2024-10-01,1406.1660590311228,1409.0501563739908,1402.792480037147,1403.5442642260366,415910
KR,2024-10-02,1405.1879972989427,1408.3820737697692,1389.0380568339947,1396.6939388925302,652730
KR,2024-10-03,1405.2598479266912,1412.804392354195,1382.026740729054,1398.2947207088125,554324
KR,2024-10-04,1394.399498058585,1397.5158407006365,1388.0498125602276,1389.7431428081609,564177
KR,2024-10-07,1386.7026520481077,1394.868313390297,1362.5652820170433,1369.416572762723,407968
KR,2024-10-08,1372.3120045099545,1380.0332950335396,1352.2664871167917,1363.258522474867,380931
KR,2024-10-09,1361.194835500688,1370.9756949357416,1351.7099655075249,1370.8512676538257,266694
KR,2024-10-10,1356.9782404555563,1394.3360494493324,1353.2543735699523,1381.514477194226,259366
KR,2024-10-11,1381.109982617373,1388.8524117171225,1371.3722076451736,1378.5830271020805,321113
KR,2024-10-14,1373.3698752278501,1381.45288095264,1362.8422385722877,1365.065028479651,762919
KR,2024-10-15,1366.7995722522899,1371.380830483892,1362.092497327547,1368.6328617041618,892222
KR,2024-10-16,1368.12900764317,1377.1286498010875,1366.5124960582887,1374.5269148439938,662897
KR,2024-10-17,1371.2240387449965,1396.3938994632178,1368.9047985643708,1388.3988421580643,132225
KR,2024-10-18,1379.1193247755482,1413.7970687378515,1375.247644053164,1406.5535019379518,315206
KR,2024-10-21,1409.3885516071716,1415.369676367705,1388.347558790293,1389.8529037767514,254720
KR,2024-10-22,1393.4903115762304,1402.2481075572266,1390.5769913165248,1399.9055375498242,301464
KR,2024-10-23,1399.0920794536328,1416.8788778342366,1389.0528096617966,1410.0142757247797,662811
KR,2024-10-24,1410.2284714309312,1422.2467560299697,1405.0477651499077,1420.8638729199477,481921
KR,2024-10-25,1421.3629759468295,1428.2360716628252,1409.845046524419,1414.262871284485,310458
KR,2024-10-28,1417.7864370902416,1423.420221995228,1404.746043615027,1417.9401916939041,423072
KR,2024-10-29,1420.6630543757135,1446.145499384921,1417.3315228201855,1439.5001536745765,240899
KR,2024-10-30,1441.386439358607,1445.5962069328307,1431.4474115031178,1443.8969774400314,617857
KR,2024-10-31,1445.0338433419245,1469.9339846707865,1443.571701699731,1466.7643039110196,463270
KR,2024-11-01,1466.5952584732418,1471.3424715724175,1454.6422101921387,1464.2761551892213,820292
KR,2024-11-04,1462.1653532809144,1467.1863984278962,1459.0177403317045,1467.0163460679237,394062
KR,2024-11-05,1471.6536970908508,1472.1433120569766,1452.6296998570672,1461.6571328547182,396901
KR,2024-11-06,1463.3228808003441,1489.9390940904611,1451.5912777239753,1484.2991748104773,604167
KR,2024-11-07,1491.1912214293664,1518.0346367533186,1488.4632356589968,1515.6645107007948,399838
KR,2024-11-08,1515.4596050621856,1517.3531802497923,1512.6089862749009,1514.9307853247055,280669
KR,2024-11-11,1513.334063223852,1528.6037614104364,1506.8145522879572,1523.3641972908733,461609
KR,2024-11-12,1525.970938662165,1533.0718308399994,1516.851407443929,1522.7560948047908,135988
KR,2024-11-13,1520.881346339314,1551.7624741371105,1520.6745601856055,1547.6008721373594,391647
KR,2024-11-14,1542.0514571749936,1544.611144866997,1525.9221996840868,1533.1287888787201,171450
KR,2024-11-15,1534.7886378992455,1556.3353924077858,1534.009338934958,1544.989642070981,403756
KR,2024-11-18,1538.2155959206916,1571.1821924211968,1528.345974424384,1561.0312570039398,810364
KR,2024-11-19,1555.1290253834247,1566.798755192808,1547.383197997264,1563.929605356155,425463
KR,2024-11-20,1563.513046031255,1568.432762053063,1547.9916975528338,1556.5844090589726,569892
KR,2024-11-21,1548.690717880053,1559.206131405486,1543.6609334474506,1555.188023207579,393089
KR,2024-11-22,1551.9949492782048,1572.0111564632043,1543.371147582322,1563.8702713403102,798710
KR,2024-11-25,1565.921867459863,1573.2106404323522,1555.651108284491,1573.1738155227333,1083846
KR,2024-11-26,1566.7190320131958,1577.9071059732094,1564.7823660814486,1566.8288153165795,462642
KR,2024-11-27,1564.5683325524067,1577.0605944257493,1559.1661602383695,1574.8920130320107,612901
KR,2024-11-28,1571.7764584671465,1587.385696487636,1554.175212577603,1561.886760255415,430798
KR,2024-11-29,1558.0166736412702,1559.0538965796493,1549.2553787382749,1552.3632864746114,604138
KR,2024-12-02,1551.0101495543577,1563.760649829048,1526.5815877098803,1545.9494079247636,334869
KR,2024-12-03,1541.4696852846748,1547.8369889570795,1536.9570605228423,1539.919592164968,1289906
KR,2024-12-04,1537.6165902489427,1542.438927910253,1527.7006153450009,1528.5774859532728,1449832
KR,2024-12-05,1526.4570121296256,1557.7708479106195,1523.986000792018,1542.8713613118484,754081
KR,2024-12-06,1536.621807099499,1559.7000869098686,1526.3033364410242,1548.890151375737,628372
KR,2024-12-09,1540.2248413791476,1570.5322102041416,1539.313052367855,1557.0070570056555,364047
KR,2024-12-10,1560.3698534082578,1565.478554760105,1540.8484378432943,1542.7753007606416,253638
KR,2024-12-11,1552.304185486053,1555.6438740504811,1539.8818880214053,1541.4527766498227,522605
KR,2024-12-12,1534.96659588838,1536.9106806209227,1515.7145180214684,1533.315136377173,214730
KR,2024-12-13,1526.7161813826078,1552.6292210463887,1525.467175224616,1549.4378505231716,407345
KR,2024-12-16,1553.3451475803465,1561.8752626657981,1548.9772550047815,1559.2249345567232,341180
KR,2024-12-17,1557.7923778032123,1578.9264777642131,1547.03284655515,1577.1292543588734,362968
KR,2024-12-18,1580.2597877186952,1594.5673312812166,1575.5135932206197,1586.5681165056403,229508
KR,2024-12-19,1584.398242173306,1600.9531751851218,1583.1839315602965,1595.615142671281,577920
KR,2024-12-20,1598.915767055834,1599.604729179748,1564.0152048037544,1577.4601141522683,310738
KR,2024-12-23,1581.288353915428,1597.9057237046366,1570.7295323424744,1572.6486732555752,259668
KR,2024-12-24,1580.4190036238288,1584.7485432522512,1553.4291396185988,1556.2852198005253,497833
KR,2024-12-25,1552.6294368444703,1557.2324102698062,1541.2972186388852,1553.6378599392415,310565
KR,2024-12-26,1549.543155716578,1562.9792511284397,1546.8267063056223,1560.4177654992282,422558
KR,2024-12-27,1565.465805786708,1578.5395393313795,1531.343398972832,1539.3285077393302,620701
KR,2024-12-30,1540.360952131065,1542.2287568900329,1528.4673409351228,1536.5052689412946,743238
KR,2024-12-31,1532.9370855325988,1552.8692215329281,1528.6960823202753,1548.6273178343376,834958
KR,2025-01-01,1544.2786920490778,1549.6396996759468,1532.4411309369377,1541.34523191408,1144406
KR,2025-01-02,1544.4798214977495,1544.679964994662,1542.2166491898483,1543.1068120678162,715080
KR,2025-01-03,1549.2519751538182,1560.7509328166323,1536.7641214529845,1544.0021226529338,429665
KR,2025-01-06,1543.897709774799,1556.8143348239166,1538.953046139542,1545.1872438674948,470148
KR,2025-01-07,1550.2987163078217,1576.5595406345146,1550.119262016173,1568.9349049018012,729486
KR,2025-01-08,1562.9808488703839,1585.1063579618058,1553.7007124402003,1574.9674273382298,474658
KR,2025-01-09,1579.2363422989763,1597.3681891717604,1574.616536400518,1590.8879727165597,933072
KR,2025-01-10,1589.765452332177,1595.6748726018682,1576.464246565108,1588.5989390106747,256870
KR,2025-01-13,1594.865806595021,1601.6078164421053,1581.7185346470071,1589.4486246922145,237929
KR,2025-01-14,1584.7754937752793,1593.5368523298525,1580.6946395642829,1590.5491496367852,425658
KR,2025-01-15,1586.104352082734,1612.0908131669812,1583.44306926907,1604.0846988363485,322580
KR,2025-01-16,1606.6805492763524,1646.0904511238798,1601.2475965543083,1627.8417502029224,474902
KR,2025-01-17,1634.2061631833594,1652.292659488173,1618.2002017193033,1638.552270997323,1185469
KR,2025-01-20,1634.5431593585988,1654.4782232346104,1621.568362383444,1644.3026003019445,683977
KR,2025-01-21,1646.565881766274,1667.9500531595716,1646.0049116849827,1666.9229907983317,480135
KR,2025-01-22,1673.7557875027455,1707.4499959588977,1670.172506937505,1689.4634278816836,605345
KR,2025-01-23,1696.1637319892095,1713.8074377165144,1687.270805426298,1700.9627162178938,274734
KR,2025-01-24,1705.7861127810154,1721.563570708366,1698.933909091387,1717.4009022569583,888298
KR,2025-01-27,1714.4800963696641,1726.0424809267108,1679.3028519188645,1684.429579837156,554917
KR,2025-01-28,1681.9270785267515,1682.360730661755,1670.983563566164,1681.032055786991,493501
KR,2025-01-29,1683.4556771557861,1695.3408474947944,1674.833523839914,1681.6930409456854,546004
KR,2025-01-30,1681.3578804897618,1683.5235568450305,1675.2111304733883,1677.4759302024888,594571
KR,2025-01-31,1679.6980126378044,1697.6099807029575,1671.7268455093745,1681.504290567348,466357
KR,2025-02-03,1682.323121548649,1687.4362685179956,1670.8171649331612,1680.0891469848455,271300
KR,2025-02-04,1682.1181822194778,1682.6299065685048,1657.253205539602,1664.6441395736408,578343
KR,2025-02-05,1667.5839274454474,1703.8492053343798,1666.9382788304226,1692.199903546978,261351
KR,2025-02-06,1685.8198246851455,1690.2562564629739,1678.4364000996527,1680.4008973202458,252725
KR,2025-02-07,1681.4555806123667,1690.0815090756448,1674.7935896754766,1688.896921590593,642698
KR,2025-02-10,1686.0227469629453,1722.759354688641,1674.3391349634835,1702.9042954769543,630294
KR,2025-02-11,1698.1319867629002,1724.4387427736806,1692.4797871485814,1714.3135602695945,669893
KR,2025-02-12,1716.5106698887007,1722.454527728352,1713.7087273325917,1714.0514428918832,530208
KR,2025-02-13,1719.2391548579474,1748.3144851969373,1703.353394698775,1743.4023171406109,491717
KR,2025-02-14,1745.6336090920915,1745.8023538132375,1728.7556096761675,1735.8964237204343,180532
KR,2025-02-17,1735.0715633591258,1742.0915636985858,1723.6964977951548,1741.4015035432828,1096252
KR,2025-02-18,1737.3887178471707,1744.994534508063,1729.0021227669492,1739.2876872085365,312486
KR,2025-02-19,1729.332610177136,1763.4749870799933,1728.3790581430378,1759.3093098869485,576151
KR,2025-02-20,1754.9306246663855,1759.98711599446,1731.104757126394,1733.4707340453347,435949
KR,2025-02-21,1733.2251704914236,1750.6910002806587,1720.1843050050702,1740.6813281756774,365072
KR,2025-02-24,1737.6870259268258,1752.9487165113055,1730.3735283853084,1741.2623333954741,200351
KR,2025-02-25,1745.8584545275073,1747.2393501022596,1729.9806683923255,1731.2683153815015,648302
KR,2025-02-26,1733.6559965348506,1749.7893058159607,1732.5748127226416,1741.2731600445122,436447
KR,2025-02-27,1739.5445313900746,1760.2761984216195,1734.8394726683462,1757.2619032235762,644392
KR,2025-02-28,1754.861230856566,1769.627348393367,1724.5360765440867,1738.0130847665012,385568
KR,2025-03-03,1745.1720503267363,1751.9938309699712,1739.9702967674177,1744.1908888533349,155280
KR,2025-03-04,1736.8968555831314,1761.5740286586242,1734.2077664727012,1752.823159674023,488235
KR,2025-03-05,1757.7544627454602,1781.147409256143,1754.3041847465834,1772.4669865350318,685976
KR,2025-03-06,1762.81018684493,1779.8155831254846,1727.1612128574266,1730.6249600625406,545154
KR,2025-03-07,1738.3518811094868,1751.6297779087424,1726.879269500117,1747.3082624244078,544652
KR,2025-03-10,1750.2223584970425,1757.7689158622668,1692.0239359225582,1692.0276667570915,948362
KR,2025-03-11,1699.8271154684357,1705.4467841377614,1673.2062512830937,1680.949327266362,189813
KR,2025-03-12,1681.2257082868614,1719.6565017163546,1669.6939992179111,1707.773323936183,474272
KR,2025-03-13,1708.0254023006685,1736.108534329922,1702.555081729678,1734.2381959436027,784251
KR,2025-03-14,1739.8205620053307,1749.3121361849815,1737.7081601459731,1746.0622119679422,343393
KR,2025-03-17,1752.7032991706712,1772.0177282597024,1739.5615245251884,1741.5275456066756,262450
KR,2025-03-18,1739.8553042155809,1750.3639232558241,1733.4773929954408,1746.5330639426898,381243
KR,2025-03-19,1750.6179961025093,1759.4991855671374,1747.9807190579747,1752.877351395451,419379
KR,2025-03-20,1747.0097846039585,1758.6103880214482,1736.855444066797,1744.6663234903249,518718
KR,2025-03-21,1744.0251538246034,1757.3931225907577,1740.9008378345939,1751.7779247771366,597341
KR,2025-03-24,1746.3991585989083,1775.5700503093415,1746.1235700136922,1770.018085957542,559273
KR,2025-03-25,1767.9222275976663,1770.613146749433,1748.6524105978272,1759.636773467948,498711
KR,2025-03-26,1764.4406336039856,1768.3988854797924,1762.7255906124217,1764.7841163942132,805710
KR,2025-03-27,1760.3765551814781,1776.832114003355,1750.9094495713912,1764.9392445935912,594214
KR,2025-03-28,1774.3966890721917,1779.0720163305568,1753.7995883495414,1755.470151590162,486669
KR,2025-03-31,1746.1753439151155,1778.8803472492557,1743.3539643029355,1774.9619092567384,400848
KR,2025-04-01,1783.5345580459639,1807.266495717257,1747.9889159069814,1756.5749223365917,279995
KR,2025-04-02,1765.0931744422408,1791.069365660756,1754.7035329543044,1772.6689947783682,845306
KR,2025-04-03,1770.23717493586,1777.452402533892,1752.1152008109227,1761.2881587768675,314682
KR,2025-04-04,1763.2680742761265,1773.3297476002806,1726.6765130526517,1728.9142261448453,398258
KR,2025-04-07,1731.8273921126092,1745.307037734211,1731.08153731558,1734.6815556844736,341726
KR,2025-04-08,1740.667157139522,1759.3233493914877,1726.228901083788,1750.8359232452656,532244
KR,2025-04-09,1748.4599922826187,1770.5879919714384,1745.524297884681,1755.4578076742846,1339213
KR,2025-04-10,1758.3918843742927,1771.1020927090858,1756.6877966419452,1763.061673047757,458865
KR,2025-04-11,1765.1140741945972,1775.6150167319747,1750.649363211942,1772.325295980273,567070
KR,2025-04-14,1768.3872073098773,1784.7446278947875,1766.8530413006984,1780.7549378650863,585927
KR,2025-04-15,1777.099761298069,1778.9805290912218,1754.5170746613187,1756.6299584186693,387766
KR,2025-04-16,1757.5747812757227,1766.437714937807,1737.6752568954357,1739.1755681203342,488370
KR,2025-04-17,1734.7161843100896,1755.6198873508602,1707.207159590997,1720.865848615732,405048
KR,2025-04-18,1721.745910927393,1726.168912709054,1714.0034149911517,1717.387346365079,170447
KR,2025-04-21,1720.2148037967038,1737.2769715369318,1715.1746359217354,1735.3145348999874,1067447
KR,2025-04-22,1740.9797766622246,1755.4189146640465,1738.6566964377848,1741.4941913015666,522741
KR,2025-04-23,1746.7960420773793,1756.4062324638085,1744.489174483795,1753.609600767242,692644
KR,2025-04-24,1757.8362713867475,1767.2515601099988,1745.649328088165,1750.3368635869215,219984
KR,2025-04-25,1765.2445816990223,1790.197311212789,1761.2651632014383,1783.5207585598241,1348616
KR,2025-04-28,1788.6740936760752,1793.3805326957888,1769.0577056981438,1776.6164928734524,724435
KR,2025-04-29,1778.7152433842177,1796.3291559360769,1767.2575577867447,1791.670686403658,273950
KR,2025-04-30,1796.2169968556786,1808.141963783867,1776.7647584205286,1788.8810443129628,162553
KR,2025-05-01,1788.890960634352,1794.3985095853766,1761.4391637160916,1763.4246585353405,371375
KR,2025-05-02,1766.903044540812,1782.7803832066522,1729.8512097533426,1741.7554006356775,486150
KR,2025-05-05,1749.4928519712403,1753.7216289556209,1748.2797681366642,1751.7255831113812,499783
KR,2025-05-06,1754.2039518894403,1759.7537066778134,1728.1626056204743,1743.247972951319,578670
KR,2025-05-07,1750.9436696312894,1753.839746911834,1739.3484859781024,1750.0195220625023,314209
KR,2025-05-08,1731.0639164603158,1760.5118850683248,1724.356335995528,1756.9877876201706,453314
KR,2025-05-09,1760.9559793447763,1774.2397974789585,1737.0867348938402,1737.9517047804761,535992
KR,2025-05-12,1737.0947612132184,1752.2381111683876,1706.5608741545643,1713.7702884220448,985594
KR,2025-05-13,1716.9427870297552,1726.183202021832,1688.7148216595112,1692.8279854791806,369489
KR,2025-05-14,1700.6106765924237,1700.945589804128,1672.7772580994806,1684.2671908284547,387190
KR,2025-05-15,1683.0456081823631,1726.4230542393066,1679.868339700837,1707.8972409287169,287514
KR,2025-05-16,1714.6621907283354,1724.095761769948,1694.581153350559,1697.8221535351056,377151
KR,2025-05-19,1697.3035419990076,1704.2184452540528,1681.5804610524883,1682.7335823875312,593408
KR,2025-05-20,1681.7880745579182,1693.4422880194772,1669.3936543277998,1677.9228260404732,944499
KR,2025-05-21,1669.2641423080163,1671.2834925029515,1651.059952055424,1660.0435969524299,263209
KR,2025-05-22,1655.7371286123764,1696.2859495611187,1655.7327172911414,1686.8149018406675,260595
KR,2025-05-23,1692.9340480658027,1699.4898449074024,1667.3146819969224,1667.437120388175,563640
KR,2025-05-26,1678.228029810053,1690.8987594604864,1671.7598634025658,1676.270424119814,384674
KR,2025-05-27,1676.7459785024953,1685.1634675767443,1668.1700882976245,1673.7788378387372,673875
KR,2025-05-28,1675.8919214408488,1677.1503317947077,1649.894625207567,1654.886052033289,405480
KR,2025-05-29,1660.5779978646347,1683.3448791817336,1647.399470768098,1675.2184646805988,477175
KR,2025-05-30,1682.0043898607255,1689.7162992627823,1675.7665876216438,1676.4173285626248,502360
KR,2025-06-02,1674.7362903331857,1709.978321726039,1674.4716550791288,1706.586998382872,465631
KR,2025-06-03,1708.8923754082982,1720.2344239112967,1699.1916842985684,1704.9874845494467,752049
KR,2025-06-04,1712.5978607070451,1724.6903115265297,1701.2185316631128,1720.3687753689608,465505
KR,2025-06-05,1712.7982257955127,1723.9863124918224,1709.9522146297322,1718.7386305288994,946628
KR,2025-06-06,1717.3142068942063,1737.6074581908272,1709.9298115099625,1736.256521600398,601039
KR,2025-06-09,1731.3394965676616,1766.113244877865,1722.0327758615065,1757.7982130995547,389924
KR,2025-06-10,1754.8209300998828,1768.2042896817436,1734.790522909598,1738.0347400513363,291397
KR,2025-06-11,1738.682878950636,1740.7144531332654,1722.2738108094734,1726.5136667338395,878372
KR,2025-06-12,1728.6986616714833,1750.754285918308,1721.2322322110917,1745.58179099695,384491
KR,2025-06-13,1746.0252540408749,1756.7327198884543,1726.2298180986932,1753.6969112460208,453924
KR,2025-06-16,1749.6499315066094,1775.1892024190295,1742.7838948888211,1768.2237124164342,358114
KR,2025-06-17,1777.661611573291,1797.7078926570591,1763.7214887791856,1775.73628188316,1064068
KR,2025-06-18,1773.0535574550527,1792.3350477124318,1767.9436344188928,1772.353919387857,580073
KR,2025-06-19,1767.3066878761365,1772.6840587553777,1737.0050128360976,1756.2439122079845,221469
KR,2025-06-20,1745.4441468813723,1751.7816108822042,1731.5661070711965,1743.838894818403,365442
KR,2025-06-23,1744.8848602040619,1763.955405632973,1731.502972986928,1756.5700030382654,262915
KR,2025-06-24,1757.09371507894,1759.9781584811503,1738.6526644509363,1749.5451449835105,419393
KR,2025-06-25,1740.5162459478013,1753.2489552114205,1715.0402271989174,1718.7159110662276,423733
KR,2025-06-26,1715.8604608953522,1719.2444021511126,1707.7113232245867,1715.44998957266,581906
KR,2025-06-27,1723.5052056110126,1733.1473218451583,1700.2479212015362,1710.2009824711213,335159
KR,2025-06-30,1720.4631667690755,1726.1631129445448,1687.7002580254798,1688.2506191294628,306185
KR,2025-07-01,1693.6202094022753,1695.8865955998822,1688.759386955104,1694.5799154800395,350815
KR,2025-07-02,1696.1071241842164,1708.0444653503275,1693.4809580613307,1707.4717587604903,483319
KR,2025-07-03,1706.049489455422,1720.7256810632107,1695.5086407015176,1696.7296986665651,182164
KR,2025-07-04,1699.265230589675,1722.3877607460252,1691.5895565081335,1705.0702792696507,820788
KR,2025-07-07,1700.232058267894,1714.3465000029128,1691.703901181244,1709.897939708399,520780
KR,2025-07-08,1711.6576668333591,1731.7029836449021,1702.133337621749,1723.2701877347058,196427
KR,2025-07-09,1726.6562610652866,1751.7956815144075,1726.5745626850023,1741.2397027543589,292334
KR,2025-07-10,1742.3441522299433,1742.9674714559344,1723.4356107668261,1734.2149649706403,853904
KR,2025-07-11,1737.3374525604527,1742.7393739894983,1728.7303005529009,1729.235403267461,1221140
KR,2025-07-14,1734.2573875938292,1746.3054508819716,1729.5378492186048,1736.7778838320062,396151
KR,2025-07-15,1738.5769437759504,1779.644591753,1724.909462538675,1758.2847374398202,479150
KR,2025-07-16,1761.8911984694357,1793.65862699329,1748.101342742807,1775.0212998531224,585700
KR,2025-07-17,1779.452279942497,1787.2955834409959,1776.6266432444263,1781.7543254195766,322868
KR,2025-07-18,1771.8248013336959,1791.1855142587563,1758.2868218009337,1790.3575132440342,502040
KR,2025-07-21,1803.3884967969211,1809.1036484624196,1782.8955980127832,1785.5699797171935,415431
KR,2025-07-22,1792.3842864021215,1802.042175941631,1787.0736274730134,1793.1442317578533,314379
KR,2025-07-23,1791.6967439577536,1802.3446051616409,1785.1102747498207,1802.2782795767882,833284
KR,2025-07-24,1791.69946131276,1814.2042983200192,1782.1917164674715,1798.1061124642138,413512
KR,2025-07-25,1792.9307806414824,1823.4299343291857,1785.0131342676566,1813.4668696868478,1138058
KR,2025-07-28,1818.4568997126958,1824.1797540435794,1813.3748468550205,1823.270247332198,276470
KR,2025-07-29,1822.2864616038937,1843.8922571911846,1809.3554568927789,1843.336634399347,209732
KR,2025-07-30,1846.570381831901,1855.60735052298,1834.6021321520218,1853.1254950992384,252533
KR,2025-07-31,1858.958849642934,1878.8169596971893,1801.714063743585,1813.0927186321348,1165335
KR,2025-08-01,1793.802763586414,1830.259824317105,1781.7709079275253,1823.935205092895,290977
KR,2025-08-04,1815.231893853314,1845.9162766159893,1812.1957574534115,1845.3997298673607,1173612
KR,2025-08-05,1849.862883698812,1854.1759410796635,1830.9606340901391,1832.8849917779157,208868
KR,2025-08-06,1828.512480611914,1855.5420484186814,1824.7163628246012,1843.7563646686378,1077873
KR,2025-08-07,1847.7797744906738,1859.3352366381937,1845.6720272396144,1850.2045128822072,406618
KR,2025-08-08,1849.1024669397689,1853.5376008381772,1825.0699557520759,1844.0050352891144,348747
KR,2025-08-11,1842.4164808020678,1864.1643057337124,1837.2581069981493,1856.7784160540793,1277872
KR,2025-08-12,1855.324606630823,1855.354797843549,1838.4510049693386,1843.4504592434887,483784
KR,2025-08-13,1843.8248847893915,1846.7225982587183,1822.3792590772766,1823.2283526062502,262772
KR,2025-08-14,1825.1362738789337,1842.6587103687716,1818.781777037747,1827.6951689297734,231139
KR,2025-08-15,1825.18952376778,1832.403041027002,1778.1830263024651,1801.762955827028,332313
KR,2025-08-18,1797.0388725447701,1797.6684652741621,1779.8485258326943,1795.5904765257837,442252
KR,2025-08-19,1790.5775844344705,1800.1234451053626,1790.2858054627054,1791.8572070577843,236047
KR,2025-08-20,1796.0005456877084,1798.0831123264725,1783.1988487806952,1796.1131150632198,365505
KR,2025-08-21,1795.4254171385805,1796.5348871056167,1757.386920323824,1761.6036297557696,425367
KR,2025-08-22,1761.4096432001104,1762.7740276485965,1743.5731697990038,1747.5436844447238,229531
KR,2025-08-25,1747.1762429413063,1755.0044154605641,1739.7803773520088,1740.6340358773557,1720681
KR,2025-08-26,1737.6651914656695,1743.5684628262868,1705.7061673380306,1712.3041477785355,423989
KR,2025-08-27,1727.8685871369958,1730.9761209716073,1700.7924911283894,1714.771205059109,79232
KR,2025-08-28,1716.4373069351016,1728.803923419369,1701.11873430958,1722.8807293984366,716517
KR,2025-08-29,1721.5008270043497,1725.0639122005032,1719.5774648265592,1723.303848198696,570703
KR,2025-09-01,1731.1699538254609,1731.9830073463006,1718.8545995622937,1723.126173690416,668864
KR,2025-09-02,1728.3292007482712,1737.8713468712153,1706.373700913332,1720.323139617676,679810
KR,2025-09-03,1734.2073710419002,1759.9714952002382,1715.0539301376757,1719.7174644172353,324880
KR,2025-09-04,1715.1019652863997,1715.7227459553917,1699.5025586759127,1708.572902597682,411711
KR,2025-09-05,1709.0580786022492,1714.2556837180794,1700.0357636709807,1701.987219171711,491446
KR,2025-09-08,1697.6952822854405,1699.693111941102,1677.4809933094673,1686.148044530512,557859
KR,2025-09-09,1678.4044708620916,1712.8767527645969,1677.075490123923,1712.6058569924262,333366
KR,2025-09-10,1716.7661617361346,1754.231979970914,1705.9890101331787,1737.5866140947805,488815
KR,2025-09-11,1744.8240491487006,1755.194156393539,1742.3762128729613,1751.030374704501,137472
KR,2025-09-12,1742.8232882493655,1753.6160753053455,1731.8544652696612,1744.4048843563346,472910
KR,2025-09-15,1745.1219574126796,1753.038453692248,1718.6763016031557,1724.142086158461,721375
KR,2025-09-16,1718.2709680752973,1729.9923407409449,1686.814810754525,1692.5278198042529,616861
KR,2025-09-17,1698.8459532736217,1707.335016793098,1685.0464245797218,1689.3100375621061,973871
KR,2025-09-18,1692.0315729462063,1700.7866874221706,1687.3421763746603,1699.0902252363899,308675
KR,2025-09-19,1699.4536089860826,1704.4113948280685,1685.6191488815873,1692.6283824612606,532100
KR,2025-09-22,1692.2157293798566,1721.8900794499766,1687.67702079331,1718.6604329542004,874641
KR,2025-09-23,1718.8730546987365,1752.5286274760094,1712.5638891463996,1742.6904688526101,390077
KR,2025-09-24,1741.699445648783,1778.7208467825708,1731.6630132128353,1756.0555992189786,429051
KR,2025-09-25,1761.5187797211197,1768.270419763456,1756.7185619767304,1762.0078251132845,452325
KR,2025-09-26,1763.1570827087307,1766.1682069051897,1723.54626159814,1728.765406059757,1016137
KR,2025-09-29,1737.5930990096176,1745.271446756944,1703.3591212122205,1706.2317943905682,436869
KR,2025-09-30,1705.7241003574516,1719.6291006510655,1704.1443785109532,1709.1109845202059,296619
KR,2025-10-01,1703.8367529610514,1706.105139682825,1690.6825335210258,1699.9424390654249,1155262
KR,2025-10-02,1697.1188698924736,1720.4392370378866,1687.9026891264393,1710.4527765461507,235837
KR,2025-10-03,1707.0226990273889,1713.9396449877927,1704.0483182155906,1709.1379866505956,119510
KR,2025-10-06,1704.8179740869525,1709.3373723833436,1682.1109276746856,1704.3345472489764,321525
KR,2025-10-07,1711.4502273194698,1718.5718765189297,1703.6307817596696,1711.5368318519488,504617
KR,2025-10-08,1713.3596238630207,1732.0134574627089,1705.8057686129928,1731.4959603057634,288896
KR,2025-10-09,1725.1333850169217,1727.9147732403105,1724.2166311384785,1727.0815871627628,385934
KR,2025-10-10,1721.3982391315349,1747.6561605646468,1718.2555758529566,1746.6802997141315,638780
KR,2025-10-13,1748.8126542958244,1751.326143500716,1696.584897680181,1709.0010394488754,581248
KR,2025-10-14,1709.2072001933968,1738.5480612625222,1706.048505168862,1730.88078998112,267642
KR,2025-10-15,1732.0926670185918,1749.9933891884557,1725.8148561508485,1741.9986740191382,1738705
KR,2025-10-16,1741.303008644644,1750.9575290511589,1735.5648914512956,1741.4172539806675,583984
KR,2025-10-17,1743.6579554713096,1780.565027490181,1739.9255661975496,1779.9204802118168,421839
KR,2025-10-20,1776.745683869184,1777.0488715861247,1771.4172382226195,1773.3762125543265,738077
KR,2025-10-21,1779.8372740967886,1792.1726410195201,1779.6475840069434,1787.4309346085251,135257
KR,2025-10-22,1787.9393810426102,1790.2867876274195,1787.4249458591694,1788.820474133789,226609
KR,2025-10-23,1791.1415168171127,1802.6092626832342,1787.780500638729,1792.7735120655668,328611
KR,2025-10-24,1793.3979286401855,1816.1595231265208,1784.9498109469432,1801.7534076039576,754196
KR,2025-10-27,1800.8816825109257,1804.445222698034,1790.691862722341,1793.193752392866,323006
KR,2025-10-28,1785.4375109237596,1798.803009114633,1767.6839246894986,1796.9990786709623,239962
KR,2025-10-29,1795.5846375382105,1803.4907773252833,1768.8308427355475,1779.0327341507839,401558
KR,2025-10-30,1783.8431589916217,1785.8202385277314,1765.8965157001462,1770.8804161080789,302623
KR,2025-10-31,1780.2336276127037,1785.082726516318,1743.9478612968467,1745.1128624893338,79853
KR,2025-11-03,1752.433669693304,1782.115347236363,1746.716867221883,1777.3677214156673,399126
KR,2025-11-04,1776.8729291222278,1780.3267528687468,1749.1697271888388,1758.404998048955,686813
KR,2025-11-05,1750.5312413970037,1757.0325600728436,1750.1106365007763,1754.46509097773,620569
KR,2025-11-06,1760.3772952128322,1765.4824602911501,1741.2297658866523,1752.887888386944,247022
KR,2025-11-07,1751.3399872386415,1792.134512039367,1743.846812002358,1790.9628310477126,892774
KR,2025-11-10,1788.4517075973213,1798.9164129474977,1769.3969308800258,1785.5689980833954,312056
KR,2025-11-11,1791.0389442674661,1804.9786411226266,1787.7780484608413,1790.7938494385694,345914
KR,2025-11-12,1786.5773029383438,1818.1289218526065,1774.485752075314,1804.6300856172938,309282
KR,2025-11-13,1805.6922873514065,1821.5395395506916,1805.397804701048,1817.9937592661765,479551
KR,2025-11-14,1808.8168547796622,1819.4362772525005,1793.084461110587,1811.6970247862785,359486
KR,2025-11-17,1805.9025754413917,1831.6438502385547,1802.8133533285766,1813.9194425232959,396016
KR,2025-11-18,1823.5612481788041,1832.680635802503,1790.792280215215,1801.3456861892996,728384
KR,2025-11-19,1806.5906430094958,1824.2354166944713,1796.6920130329645,1807.0316975046997,1111419
KR,2025-11-20,1808.2435238793698,1820.7014144349025,1796.1866979450188,1816.1033838377243,298701
KR,2025-11-21,1817.1246372677804,1820.4616430805086,1798.5718879300414,1801.9922547087149,385773
KR,2025-11-24,1798.652011634089,1854.5041004375869,1794.3982661299112,1840.5583926351765,657728
KR,2025-11-25,1844.139845349259,1852.9191752350132,1833.6055622498732,1851.1649785276402,342720
KR,2025-11-26,1857.9271958842744,1881.0825789748842,1849.613662636103,1869.0504739889186,201307
KR,2025-11-27,1871.479403845134,1871.6955402976757,1862.5452332426541,1867.3190863101672,900722
KR,2025-11-28,1866.8277608086776,1882.9767522498469,1856.8231365020526,1863.5122022202872,452794
KR,2025-12-01,1865.3492843185495,1872.732784530744,1850.8842376701482,1871.3982972787096,895665
KR,2025-12-02,1876.4358341806558,1886.1650614558441,1852.1394638739882,1853.894712358198,255526
KR,2025-12-03,1856.8113217787352,1858.6894116882593,1816.7219010612255,1817.4828935751616,548640
KR,2025-12-04,1829.7100312921002,1854.5128204955472,1761.7728558887288,1780.7859013383927,271522
KR,2025-12-05,1786.8175778289947,1807.5864061157808,1776.6223471262253,1790.614680736551,395980
KR,2025-12-08,1793.952064168181,1804.026010080222,1779.4018085707396,1786.0880753732577,317096
KR,2025-12-09,1785.7437014805641,1809.1636308175966,1785.4955159796946,1798.582411590863,1025839
KR,2025-12-10,1795.2412949865898,1816.8848494205947,1793.0644575499398,1804.00959874685,516536
KR,2025-12-11,1805.9571805911407,1820.2238576035913,1804.4514197296874,1810.3747439117324,258054
KR,2025-12-12,1811.7934703296005,1818.8349130565707,1803.494340349785,1813.517149318752,304862
KR,2025-12-15,1814.0005743513595,1831.3265849511201,1812.4644697854,1830.2432220679827,371030
KR,2025-12-16,1831.752967202861,1845.0740602308024,1819.9673196412157,1844.7883233503949,559075
KR,2025-12-17,1835.2506061053834,1859.5808766211082,1833.124614882369,1851.3516358597915,917851
KR,2025-12-18,1856.1436244437452,1882.6475206586708,1842.5501368937862,1882.0842796376735,597632
KR,2025-12-19,1887.6180468909733,1896.3283966656068,1859.6065987718457,1866.1449846774567,359399
KR,2025-12-22,1864.584883545414,1879.4014298931877,1858.2621588466666,1871.576935082419,850180
KR,2025-12-23,1863.0273371920882,1881.5160052741335,1855.6212589192892,1872.6547326967313,429552
KR,2025-12-24,1871.726896826887,1909.9739124854882,1871.346294019986,1897.156697771116,307863
KR,2025-12-25,1903.9214308525777,1913.695963842645,1882.0276954359479,1887.9786218110712,585169
KR,2025-12-26,1877.7103269888262,1892.6251649580233,1876.8604373848846,1891.670312053723,353595
KR,2025-12-29,1895.7447807093242,1916.4486040570828,1881.1441992152334,1910.6924244861584,298882
KR,2025-12-30,1906.3532557859712,1922.0741316238261,1883.6114824112963,1903.8997993620997,421041
KR,2025-12-31,1904.46130346564,1917.426374945468,1891.662524355685,1892.6710019838208,531187
